Hund	3908
Pferd	3079
Spiel	2186
Schwein	2119
Gerät	2001
Wert	1625
Punkt	1582
Getränk	1142
Arzt	1133
Weg	1124
Teil	951
Recht	701
Geschenk	635
Stern	589
Tag	548
Produkt	472
Rest	446
Stein	442
Skat	406
Gerücht	382
Schmied	367
Maus	343
Jahr	315
Dienst	272
Film	266
Element	258
Apparat	256
Berg	242
Witz	237
Inhalt	236
Geräusch	236
Freund	230
Derivat	227
Zertifikat	208
Kampfhund	208
Talent	206
Stadtwerk	203
Reh	203
Fisch	203
Gedicht	197
Tor	187
Zitat	186
Rezept	183
Schalk	180
Effekt	171
Projekt	168
Menu	167
Inserat	166
Präparat	160
Ring	156
Haar	145
Beruf	145
Wirt	144
Preis	143
Anhalt	140
Los	137
Stück	135
Ersatzteil	135
Tod	133
Text	126
Stift	126
Vorhalt	124
Werk	122
Arm	117
Wanderweg	114
Kontakt	113
Aggregat	112
Gaest	111
Ziel	109
Meer	107
Vers	106
Sieg	105
Reim	102
Geschäft	102
Schein	100
Gewerk	98
Tier	94
Dank	94
Ärzt	92
Matsch	92
Pilz	91
Netz	84
Blitz	83
Bericht	82
Vampir	79
Schäferhund	79
Brief	79
Bein	79
Gesetz	78
Referat	77
Gas	77
Staedt	73
Gewicht	72
Schuh	71
Instrument	71
Medikament	70
Sinn	68
Zwerg	64
Profil	64
Maeus	63
Argument	63
Mal	62
Sieb	61
Sitz	60
Plakat	60
Beleg	60
Flausch	59
Betrieb	57
Pfeil	56
Gewürz	56
Modul	55
Gaens	55
Prozent	54
Kreis	54
Grad	54
Keks	53
Monat	52
Huf	51
Riss	50
Paket	50
Objekt	50
Boot	50
Helm	49
Fahrzeug	49
Experiment	48
Hopp	47
Schiff	46
Ding	46
Besuch	46
Ast	46
Tisch	45
Programm	45
Zweig	44
Bo	44
Steig	43
Jahrzehnt	43
Wink	42
Problem	42
Termin	41
Wildschwein	40
Stoff	40
Heft	40
Attribut	40
Artefakt	40
Schaf	39
Dokument	39
Mond	38
Kern	38
Gericht	38
Dom	38
Begriff	38
Schritt	37
Schild	37
Impuls	37
Prospekt	36
Kreuz	36
Puls	35
Gedärm	35
Ort	34
Konzert	34
Gnom	34
Gewinn	34
Zelt	33
Abt	33
Öl	32
Fruecht	32
Beet	32
Verein	31
Implantat	31
Erfolg	31
Wal	30
Vantage	30
Steg	30
Möchtegern	30
Kohlehydrat	30
Gehweg	30
Exponat	30
Wein	29
Tribut	29
Resultat	29
Präsent	29
Klon	29
Kies	29
Hai	29
Griff	29
Gefühl	29
Absinth	29
Stil	28
Menschenrecht	28
Kraeft	28
Gleis	28
Bord	28
Aspekt	28
Rekord	27
Haushalt	27
Automobil	27
Amateur	27
Zwilling	26
Werkzeug	26
Salz	26
Rohstoff	26
Ritt	26
Patent	26
Paar	26
Netzwerk	26
Modell	26
Krieg	26
Charakter	26
Wels	25
System	25
Quadrat	25
Plagiat	25
Perlit	25
Pakt	25
Mönch	25
Gelenk	25
Feind	25
Druck	25
Dieb	25
Symptom	24
Standort	24
Schwerpunkt	24
Knecht	24
Format	24
Angebot	24
Prozess	23
Kommentar	23
Aliment	23
Tarif	22
Seil	22
Rotz	22
Ried	22
Maß	22
Lack	22
Kurs	22
Elektrolyt	22
Beispiel	22
Ventil	21
Negativ	21
Motiv	21
Fett	21
Eid	21
Reich	20
Objektiv	20
Kredit	20
Huet	20
Staend	19
Gerüst	19
Boss	19
Befehl	19
Archiv	19
Umlaut	18
Troll	18
Transport	18
Strich	18
Skript	18
Rohr	18
Papier	18
Konflikt	18
Kompliment	18
Horoskop	18
Dekan	18
Angst	18
Akkord	18
Abzweig	18
Wicht	17
Verlust	17
Umweg	17
Symbol	17
Kraftwerk	17
Knack	17
Heer	17
Haend	17
Gehölz	17
Eckwert	17
Beweis	17
Wettbewerb	16
Vorort	16
Vorjahr	16
Omelett	16
Nährstoff	16
Moment	16
Mandat	16
Krebs	16
Kostüm	16
Kerl	16
Hinweis	16
Dialog	16
Ausweis	16
Akzent	16
Steroid	15
Pfad	15
Mord	15
Geruecht	15
Gebot	15
Firn	15
Fell	15
Blick	15
Ausruf	15
Aufruf	15
Versuch	14
Twist	14
Spind	14
Signal	14
Popelin	14
Komposit	14
Ingenieur	14
Hormon	14
Graphit	14
Gift	14
Fund	14
Ergebnis	14
Dill	14
Anteil	14
Vitamin	13
Verlag	13
Vergleich	13
Turnier	13
Trieb	13
Siel	13
Seminar	13
Salat	13
Putz	13
Profit	13
Pokal	13
Magazin	13
Konzept	13
Heim	13
Handwerk	13
Gurt	13
Gramm	13
Gefäß	13
Flugzeug	13
Bürgerrecht	13
Anruf	13
Aal	13
Stich	12
Ruf	12
Roman	12
Polymer	12
Park	12
Muslim	12
Lemming	12
Jahrhundert	12
Halbjahr	12
Gebiet	12
Fragment	12
Brot	12
Vorteil	11
Transparent	11
Telephon	11
Strick	11
Steinmetz	11
Spürhund	11
Raet	11
Prost	11
Pfund	11
Passiv	11
Nachweis	11
Liebling	11
Kinn	11
Hörspiel	11
Hengst	11
Handschuh	11
Gespräch	11
Gebet	11
Fundament	11
Flüchtling	11
Feiertag	11
Duplikat	11
Alk	11
Abschied	11
Abgas	11
Waid	10
Verbot	10
Umhaeng	10
Standpunkt	10
Stadtteil	10
Sog	10
Schlitz	10
Rost	10
Molekül	10
Grundstück	10
Greif	10
Geburtstag	10
Erz	10
Einstieg	10
Dialekt	10
Delphin	10
Blech	10
Bier	10
Abend	10
Supplement	9
Sund	9
Stockwerk	9
Star	9
Spieß	9
Skelett	9
Schrein	9
Protest	9
Protein	9
Mikrophon	9
Metall	9
Kontrast	9
Keil	9
Katalog	9
Institut	9
Gehöft	9
Farn	9
Fachkraeft	9
Anhaeng	9
Zweck	8
Wohnmobil	8
Tenu	8
Regal	8
Piep	8
Ornament	8
Metz	8
Mehrwert	8
Knick	8
Hurrikan	8
Hauswart	8
Gesuch	8
Gebein	8
Formular	8
Flor	8
Exkrement	8
Enzym	8
Angriff	8
Alraun	8
Verweis	7
Transit	7
Telefon	7
Tausend	7
Streit	7
Stimmrecht	7
Sketch	7
Schauspiel	7
Reiz	7
Radikal	7
Protokoll	7
Pigment	7
Pedal	7
Organ	7
Opiat	7
Neuling	7
Manuskript	7
Maecht	7
Lokal	7
Kunststoff	7
Konzern	7
Klecks	7
Hundert	7
Hirsch	7
Hain	7
Fabrikat	7
Export	7
Emirat	7
Elch	7
Delfin	7
Bezirk	7
Bahnsteig	7
Arsch	7
Antrieb	7
Weinberg	6
Vortag	6
Versteck	6
Triebwerk	6
Torwart	6
Thron	6
Teleskop	6
Stier	6
Splitt	6
Sonett	6
Sims	6
Schlick	6
Saxophon	6
Ritual	6
Plüsch	6
Pelz	6
Nachteil	6
Merkmal	6
Massiv	6
Magnet	6
Leim	6
König	6
Kunstwerk	6
Kristall	6
Kontinent	6
Komplex	6
Knirps	6
Klops	6
Klaps	6
Kitt	6
Kamel	6
Internat	6
Import	6
Horizont	6
Harz	6
Geschütz	6
Freitag	6
Forst	6
Festtag	6
Erlebnis	6
Ereignis	6
Entgelt	6
Detektiv	6
Delikt	6
Defekt	6
Bereich	6
Bauwerk	6
Aufenthalt	6
Atom	6
Zaehn	5
Wellness	5
Wehr	5
Walm	5
Vorurteil	5
Urteil	5
Unikat	5
Umstieg	5
Titan	5
Temperament	5
Supernova	5
Strolch	5
Strategem	5
Spruech	5
Schirm	5
Schelm	5
Schadstoff	5
Salut	5
Sakrament	5
Riff	5
Reservoir	5
Report	5
Relikt	5
Rain	5
Quirl	5
Peptid	5
Maar	5
Lift	5
Lachs	5
Kult	5
Kongress	5
Kitz	5
Kiez	5
Kenntnis	5
Jahrtausend	5
Integral	5
Höhepunkt	5
Hort	5
Hoef	5
Hirn	5
Greis	5
Grat	5
Granit	5
Gespann	5
Geheimdienst	5
Garn	5
Funktionär	5
Friseur	5
Fjord	5
Feuerwerk	5
Erlös	5
Durchschnitt	5
Disput	5
Dispens	5
Beil	5
Axt	5
Alarm	5
Abruf	5
Zytokin	4
Wertpapier	4
Vulkan	4
Vokal	4
Vibraphon	4
Verhältnis	4
Urlaub	4
Unterschied	4
Tumor	4
Trapez	4
Traktat	4
Testosteron	4
Teig	4
Teich	4
Tausch	4
Tau	4
Stützpunkt	4
Stiel	4
Spielzeug	4
Spielfilm	4
Speer	4
Segment	4
Schluck	4
Scherz	4
Scheit	4
Saphir	4
Rubin	4
Reflex	4
Rechteck	4
Poett	4
Phönix	4
Phänomen	4
Passagier	4
Paradies	4
Paneel	4
Ozon	4
Nilpferd	4
Myom	4
Multiplex	4
Mittag	4
Minarett	4
Mais	4
Maegd	4
Leserbrief	4
Kurzfilm	4
Kondom	4
Kiel	4
Keim	4
Kassier	4
Idol	4
Horst	4
Honig	4
Herbst	4
Hecht	4
Geäst	4
Gesims	4
Genom	4
Gehirn	4
Fingerzeig	4
Festspiel	4
Entscheid	4
Endorphin	4
Dress	4
Diktat	4
Destillat	4
Blockwart	4
Bestandteil	4
Barsch	4
Bajonett	4
Baell	4
Avatar	4
Ausschnitt	4
Aquarell	4
Amin	4
Akteur	4
Additiv	4
Äst	3
Zugriff	3
Wirbeltier	3
Vormittag	3
Trickfilm	3
Trampolin	3
Teppich	3
Tensid	3
Suizid	3
Substrat	3
Stueck	3
Stress	3
Streitkraeft	3
Strauß	3
Staemm	3
Splint	3
Spaen	3
Sortiment	3
Sonntag	3
Sold	3
Skalar	3
Semaphor	3
Sekret	3
Sediment	3
Schmetterling	3
Schluess	3
Schleim	3
Schiss	3
Rückweg	3
Rhizom	3
Reservat	3
Redakteur	3
Pup	3
Prädikat	3
Projektil	3
Postulat	3
Polyurethan	3
Pionier	3
Pinguin	3
Pfiff	3
Parfüm	3
Mär	3
Monitor	3
Menhir	3
Lipid	3
Laminat	3
Krokodil	3
Kontrakt	3
Kontingent	3
Koepf	3
Koech	3
Keton	3
Kartell	3
Kanton	3
Halogen	3
Halm	3
Haff	3
Grieß	3
Golf	3
Gestirn	3
Gespinst	3
Geschöpf	3
Gelüst	3
Filz	3
Exemplar	3
Einspiel	3
Dorsch	3
Dienstag	3
Dekanat	3
Biss	3
Befund	3
Austausch	3
Ausstieg	3
Aufwind	3
Aufstieg	3
Arsenal	3
Amulett	3
Östrogen	2
Zuverdienst	2
Zoepf	2
Zeugnis	2
Zain	2
Wirkstoff	2
Wechselkurs	2
Waend	2
Vikar	2
Vermerk	2
Unterhalt	2
Tritt	2
Toepf	2
Toen	2
Testament	2
Term	2
Telomer	2
Talg	2
Takt	2
Sägewerk	2
Synonym	2
Stroboskop	2
Spion	2
Solitär	2
Skandal	2
Selbstmord	2
Schädling	2
Schreiberling	2
Schraenk	2
Schornstein	2
Schmaus	2
Schlips	2
Schlagzeug	2
Schelf	2
Saeft	2
Rülps	2
Rückruf	2
Reglement	2
Reep	2
Rapport	2
Querschnitt	2
Potential	2
Polysaccharid	2
Pils	2
Phonogerät	2
Pfennig	2
Pestizid	2
Pastell	2
Parteitag	2
Ozean	2
Oxid	2
Offizier	2
Notar	2
Noet	2
Nachschlagewerk	2
Nachruf	2
Monument	2
Molch	2
Mitspiel	2
Mitschnitt	2
Mikroskop	2
Meteorit	2
Meisterwerk	2
Maerkt	2
Maat	2
Lueft	2
Limit	2
Lehm	2
Legat	2
Lauch	2
Landtag	2
Laich	2
Labyrinth	2
Königreich	2
Käfig	2
Kueh	2
Krawall	2
Konglomerat	2
Kompromiss	2
Klump	2
Khan	2
Katamaran	2
Kabinett	2
Jux	2
Jubilar	2
Jasmin	2
Intervall	2
Höft	2
Hoerspiel	2
Hinterhalt	2
Hieb	2
Hering	2
Haeng	2
Grueß	2
Gruend	2
Gottesdienst	2
Gneis	2
Geysir	2
Gewuerz	2
Gestühl	2
Gestell	2
Gestein	2
Gesteck	2
Geschoss	2
Gepard	2
Geheimnis	2
Gefängnis	2
Gefecht	2
Gau	2
Gaeng	2
Frühling	2
Frühjahr	2
Flur	2
Fjell	2
Feuerzeug	2
Ferrit	2
Ferment	2
Feierabend	2
Fasan	2
Extremwert	2
Erkenntnis	2
Emblem	2
Elastomer	2
Einkuenft	2
Eingriff	2
Dutzend	2
Duett	2
Drohbrief	2
Dramolett	2
Donnerstag	2
Dolch	2
Docht	2
Distrikt	2
Diakon	2
Deich	2
Defizit	2
Cholesterin	2
Bürgerkrieg	2
Buend	2
Braeut	2
Bleistift	2
Blei	2
Bezueg	2
Bestaend	2
Bescheid	2
Bergwerk	2
Belang	2
Baumwart	2
Bankett	2
Ballett	2
Baeum	2
Baend	2
Ausgleich	2
Auftakt	2
Asyl	2
Asphalt	2
Asbest	2
Asant	2
Arbeitsplaetz	2
Anreiz	2
Anfaeng	2
Alkohol	2
Akut	2
Affekt	2
Acryl	2
Achat	2
Abstieg	2
Abrieb	2
Übergriff	1
Ängst	1
Äbt	1
Zyklon	1
Zuspiel	1
Zuschnitt	1
Zeremoniell	1
Zeitvertreib	1
Zaeun	1
Wuensch	1
Wiederspiel	1
Weltrekord	1
Wegerich	1
Warp	1
Völkerrecht	1
Voyeur	1
Vorweis	1
Vorsitz	1
Vorschlaeg	1
Vorhaeng	1
Vordruck	1
Vlies	1
Vertrieb	1
Verlies	1
Verkaeuf	1
Verdienst	1
Verdeck	1
Verbaend	1
Unhold	1
Umtrieb	1
Trottoir	1
Triumph	1
Tribun	1
Trakt	1
Traeum	1
Torf	1
Tiefpunkt	1
Tiefdruck	1
Thermoplast	1
Testat	1
Terpentin	1
Tauchboot	1
Tambour	1
Taenz	1
Säugling	1
Sämling	1
Surrogat	1
Superlativ	1
Sulfonamid	1
Subjekt	1
Stups	1
Stuehl	1
Stoeck	1
Steiß	1
Steckling	1
Stativ	1
Staehl	1
Staatssekretär	1
Specht	1
Silberling	1
Senat	1
Selbstbehalt	1
Sekretär	1
Schützling	1
Schwermetall	1
Schweif	1
Schwall	1
Schrieb	1
Schreibtisch	1
Schrei	1
Schmiss	1
Schmalz	1
Schmack	1
Schluff	1
Schluempf	1
Schlot	1
Schlittschuh	1
Schilf	1
Schicksal	1
Scheich	1
Scharnier	1
Scharlach	1
Schakal	1
Sauerteig	1
Sarkophag	1
Samstag	1
Saetz	1
Saeck	1
Rücksitz	1
Rotwein	1
Rohling	1
Rigips	1
Riet	1
Rezidiv	1
Regress	1
Regisseur	1
Raumschiff	1
Raenk	1
Raeng	1
Quarz	1
Pulsar	1
Pseudonym	1
Prostaglandin	1
Prolog	1
Proll	1
Potenzial	1
Portal	1
Polygon	1
Polyamid	1
Polier	1
Plural	1
Platzwart	1
Plaetz	1
Pikett	1
Phthalat	1
Phosphat	1
Phonem	1
Pheromon	1
Phenyl	1
Phenol	1
Phantom	1
Pfifferling	1
Pferch	1
Peroxid	1
Periskop	1
Parvenu	1
Parlament	1
Paradeis	1
Pamphlet	1
Paladin	1
Oval	1
Orkan	1
Opioid	1
Opal	1
Onkogen	1
Olefin	1
Okular	1
Oktan	1
Offizial	1
Odermennig	1
Nobelpreis	1
Nitrosamin	1
Nimmersatt	1
Neuron	1
Namenstag	1
Nagetier	1
Nachmittag	1
Musselin	1
Musketier	1
Motorboot	1
Monteur	1
Monopol	1
Monomer	1
Mohn	1
Mittwoch	1
Mitlaut	1
Missionar	1
Missgriff	1
Missgeschick	1
Millionär	1
Meridian	1
Menuett	1
Mehl	1
Megaphon	1
Marmor	1
Machwerk	1
Löss	1
Längsschnitt	1
Lymphom	1
Luchs	1
Lot	1
Lehrling	1
Leguan	1
Legionär	1
Landraet	1
Laib	1
Laeus	1
Labor	1
Kürassier	1
Kurier	1
Kumpan	1
Kranich	1
Kraftstoff	1
Kontext	1
Konstrukteur	1
Konsens	1
Konquistador	1
Komitat	1
Kombinat	1
Koloss	1
Knotenpunkt	1
Knorz	1
Knoepf	1
Kniff	1
Knast	1
Klientel	1
Klettersteig	1
Klartext	1
Klaeng	1
Kelch	1
Katapult	1
Kastell	1
Kaschmir	1
Karst	1
Kaplan	1
Kapitular	1
Kanael	1
Kamin	1
Joch	1
Indol	1
Impfstoff	1
Imbiss	1
Imam	1
Hypnotiseur	1
Hydrat	1
Hueb	1
Honorar	1
Hochdruck	1
Histogramm	1
Histamin	1
Hinspiel	1
Hindernis	1
Haehn	1
Grundgesetz	1
Grafit	1
Glykol	1
Gips	1
Gewächs	1
Gewehr	1
Gestüt	1
Gesichtspunkt	1
Geschirr	1
Geschick	1
Geschehnis	1
Gelöbnis	1
Geleit	1
Gehsteig	1
Gegenspiel	1
Geflecht	1
Gedeck	1
Gebüsch	1
Fähnrich	1
Fueß	1
Fuechs	1
Frisör	1
Fortschritt	1
Flueg	1
Flaneur	1
Fittich	1
Faun	1
Fasching	1
Farbstoff	1
Falsifikat	1
Fallschirm	1
Faeust	1
Exzess	1
Exzerpt	1
Extrakt	1
Expedit	1
Erzeugnis	1
Erwerb	1
Erfordernis	1
Erdöl	1
Endoskop	1
Ekzem	1
Eiweiß	1
Eintritt	1
Einschnitt	1
Einruf	1
Einkauf	1
Ehepaar	1
Edikt	1
Dual	1
Drueck	1
Dromedar	1
Drill	1
Drangsal	1
Draeht	1
Diplom	1
Derwisch	1
Delir	1
Dekret	1
Daemm	1
Dachs	1
Coiffeur	1
Bueg	1
Brei	1
Boykott	1
Boeck	1
Biotop	1
Bimetall	1
Billett	1
Bildschirm	1
Besteck	1
Bespiel	1
Beschlaeg	1
Beitraeg	1
Begräbnis	1
Befugnis	1
Bedürfnis	1
Bedarf	1
Basar	1
Balkon	1
Baess	1
Ausweg	1
Auspuff	1
Aushaeng	1
Ausdruck	1
Aryl	1
Anwaelt	1
Antigen	1
Anspiel	1
Anrecht	1
Anhydrit	1
Anhydrid	1
Amphetamin	1
Amethyst	1
Akkusativ	1
Adjektiv	1
Abweg	1
Abschnitt	1
Abort	1
Abhaeng	1
Abgriff	1
Abgleich	1
