Frau	3864
Mensch	3449
Stern	2138
Pirat	2056
Zahl	2024
Bär	1979
Student	1939
Nachricht	1929
Held	1832
Alp	1810
Patient	1808
Person	1737
Tourist	1685
Senior	1657
Bank	1586
Herr	1524
Schuld	1476
Autor	1468
Planet	1404
Soldat	1372
Strahl	1357
Elefant	1357
Gebühr	1332
Figur	1331
Welt	1313
Uhr	1280
Instrument	1261
Nerv	1248
Insekt	1233
Dämon	1230
Medikament	1170
Partei	1162
Satellit	1112
Tour	1081
Ohr	1069
Motor	1068
Narr	1056
Million	1025
Box	1016
Automat	1002
Quant	978
Dokument	954
Journalist	948
Sponsor	931
Fürst	930
Form	918
Zeitschrift	885
Gefahr	861
Agent	857
Präsident	846
Generation	845
Pilot	831
Tracht	799
Konsument	794
Hausfrau	783
Christ	783
Bett	739
Prinz	723
Investor	714
Norm	713
Storch	704
Architekt	703
Elektron	700
Kandidat	687
Rebell	683
Idiot	664
Einheit	653
Professor	650
Art	634
Moderator	630
Ahn	622
Minderheit	619
Jurist	616
Lieferant	614
Zeit	606
Produzent	600
Papagei	594
Ion	594
Migrant	593
Terrorist	577
Depp	563
Elb	558
Staat	548
Spur	534
Fahrt	533
Burg	525
Schrift	524
Schlacht	524
Favorit	519
Komet	493
Exot	490
Fotograf	485
Diplomat	481
Photon	476
Dorn	452
Polizist	450
Veteran	449
Spatz	448
Barbar	443
Philosoph	440
Hypothek	436
Geburt	430
Last	427
Jesuit	424
Parasit	423
Dozent	423
Bürokrat	423
Praktikant	420
Partisan	420
Spezialist	419
Junior	418
Gezeit	418
Juwel	410
Schicht	402
Prophet	402
Paragraph	399
Kommunist	396
Typ	393
Klient	392
Mandant	381
Jungfrau	381
Prolet	375
Graf	374
Komponist	369
Skulptur	368
Neutron	366
Leopard	364
Therapeut	359
Süßigkeit	357
Armatur	356
Nation	350
Unterschrift	342
Hahn	342
Referent	338
Frisur	335
Zar	332
Proton	331
Athlet	331
Strauß	327
Lobbyist	321
Sektor	320
Musikant	319
Institution	318
Dirigent	318
Kapitalist	317
Handschrift	315
Primat	312
Bandit	309
Astronaut	309
Absolvent	303
Kosak	300
Literat	298
Zutat	296
Pastor	295
Prototyp	293
Sensor	291
Interessent	291
Chromosom	291
Emigrant	290
Etikett	289
Zitat	285
Spezialität	284
Pfau	279
Neuheit	278
Artist	275
Husar	274
Poet	268
Bahn	268
Aktivität	267
Region	266
Nationalität	262
Konfirmand	261
Vorschrift	257
Traktor	257
Mohr	257
Zeh	255
Diät	254
Chaot	250
Asteroid	250
Gladiator	248
Solist	246
Hemd	243
Rekrut	241
Ministrant	239
Kommentator	239
Meteorit	237
Priorität	235
Kontur	235
Greis	235
Altlast	235
Reservist	231
Frist	229
Miniatur	228
Herz	228
Assistent	228
Kommandant	227
Fink	225
Abonnent	225
Gigant	223
Fähigkeit	222
Titan	220
Doktorand	219
Tyrann	218
Kakerlak	216
Isotop	215
Antiquität	215
Faschist	214
Requisit	212
Pflicht	211
Untertan	210
Telegraph	210
Immigrant	210
Analyst	209
Mutant	207
Kadett	207
Indikator	207
Klausur	206
Gnom	206
Schelm	204
Mentor	204
Faktor	202
Schlucht	200
Datei	199
Gradient	197
Diktator	197
Schott	196
Vasall	195
Spekulant	195
Kreatur	192
Überschrift	191
Kolonist	191
Psalm	190
Katholik	185
Rarität	184
Senator	180
Regent	178
Proband	178
Islamist	178
Telegraf	177
Chirurg	177
Aktivist	177
Zins	176
Tutor	176
Front	176
Abiturient	175
Tat	174
Passant	174
Funktion	174
Intendant	173
Asylant	171
Inschrift	169
Rezipient	168
Mahlzeit	168
Interpret	168
Instanz	166
Direktor	164
Bub	163
Kultur	161
Glut	161
Diskothek	159
Sozialist	158
Station	157
Signatur	157
Atheist	157
Lektor	156
Kamerad	156
Elephant	156
Rubrik	155
Dissident	155
Rassist	153
Extremität	153
Zensur	152
Organist	152
Multiplikator	149
Bibliothek	149
Anarchist	149
Option	148
Kondition	146
Gesell	146
Eremit	144
Pianist	143
Paragraf	143
Mast	143
Separatist	142
Extremist	142
Adressat	142
Leukozyt	141
Thrombozyt	140
Textur	140
Geiß	139
Alchemist	139
Korrespondent	138
Antwort	138
Sicherheit	137
Star	136
Patriarch	136
Illuminat	136
Produkt	135
Projektor	134
Advokat	134
Stipendiat	133
Hydrant	133
Billion	133
Dukat	131
Statist	130
Rezensent	130
Hussit	130
Videothek	129
Aristokrat	129
Zyklop	127
Juror	127
Florist	126
Demokrat	126
Anschrift	126
Nachtigall	125
Gitarrist	123
Polyp	122
Jeck	122
Denunziant	121
Satanist	120
Eigenschaft	120
Patriot	118
Monarch	118
Dilettant	118
Alm	118
Kurator	117
Karikatur	117
Mediator	116
Quadrant	115
Administrator	115
Information	114
Datenbank	114
Zivilist	113
Kastrat	113
Generator	113
Gebuehr	112
Kronprinz	111
Kompetenz	111
Humanist	111
Bucht	111
Alchimist	111
Zionist	110
Statut	109
Kuriosität	109
Gracht	109
Sudet	107
Oligarch	107
Lymphozyt	107
Gewalt	107
Despot	107
Psychopath	106
Fabrikant	106
Doktor	106
Disziplin	106
Asket	106
Konditor	105
Bö	105
Vagabund	104
Pensionist	104
Werft	103
Vorfahr	103
Ministerpräsident	103
Komödiant	103
Germanist	103
Rektor	102
Notiz	102
Ansicht	102
Ökonom	101
Transformator	101
Marsch	101
Lausbub	101
Protestant	99
Nudist	99
Baptist	99
Pazifist	98
Konkurrent	97
Minorität	96
Kosmonaut	96
Evangelist	96
Transvestit	95
Sportart	95
Demonstrant	95
Rezeptor	94
Nut	93
Feminist	93
Bütt	93
Informant	92
Fracht	92
Schmerz	91
Saat	91
Prälat	91
Protektor	91
Protagonist	91
Liegenschaft	91
Zentaur	90
Vektor	90
Trabant	90
Ventilator	89
Hanseat	89
Positron	88
Cäsar	88
Psychotherapeut	87
Gymnasiast	87
Differenz	87
Lakai	86
Sakrament	85
Photograph	85
Technokrat	84
Stereotyp	84
Neuigkeit	84
Chronist	84
Kompressor	83
Kation	83
Gardist	83
Emittent	83
Rotor	82
Kreditor	81
Alligator	81
Eunuch	80
Maschinist	78
Kalif	78
Kapazität	77
Kantor	77
Innerei	77
Miliz	76
Lemur	76
Cineast	75
Struktur	74
Restaurator	74
Repräsentant	74
Querulant	74
Optimist	74
Obligation	73
Mehrheit	73
Kanak	73
Illustrator	73
Diakon	73
Adept	73
Lektion	72
Bassist	72
Instruktor	71
Vagant	70
Uniform	70
Trilobit	70
Sympathisant	70
Prozessor	70
Finalist	70
Fabrik	70
Exorzist	70
Emotion	69
Auditor	69
Ammonit	69
Akrobat	69
Kondensator	67
Fundamentalist	67
Basilisk	67
Konvertit	66
Kabarettist	66
Gestalt	66
Galerist	66
Egoist	66
Editor	66
Dimension	66
Astronom	66
Symbiont	65
Quotient	65
Koordinator	65
Finanz	65
Obelisk	64
Katechet	64
Dramaturg	64
Detektor	64
Antagonist	64
Inspektor	63
Gutschrift	63
Transistor	62
Schalmei	62
Dendrit	62
Varietät	61
Relation	61
Janitschar	61
Äon	60
Archetyp	60
Rast	59
Individualist	59
Gendarm	59
Dezernent	59
Autist	59
Aliment	59
Terz	58
Referenz	58
Hostess	58
Buddhist	58
Akkumulator	58
Möglichkeit	57
Mennonit	57
Kreationist	57
Fakultät	57
Putschist	56
Prozedur	56
Nationalist	56
Moritat	56
Krankheit	56
Identität	56
Aktion	56
Reflektor	55
Inserent	55
Initiator	55
Debütant	55
Operator	54
Novität	54
Koeffizient	54
Intrigant	54
Agentur	53
Temperatur	52
Mittelschicht	52
Lizenz	52
Gastronom	52
Fraktion	52
Version	51
Realität	51
Populist	51
Laborant	51
Adduktor	51
Sadist	50
Naturist	50
Minimalist	50
Klinik	50
Bolschewist	50
Vision	49
Verb	49
Membran	49
Fuerst	49
Fachschaft	49
Position	48
Portion	48
Kollektor	48
Freizeit	48
Flut	48
Ulan	47
Pulp	47
Katalysator	47
Analphabet	47
Alpinist	47
Pfarrei	46
Organisator	46
Optimat	46
Maoist	46
Kopist	46
Diplomand	46
Sanktion	45
Resident	45
Pietist	45
Pessimist	45
Militarist	45
Kolumnist	45
Annuität	45
Wahl	44
Variation	44
Triathlet	44
Schiit	44
Reform	44
Päderast	44
Purist	44
Prinzregent	44
Isolator	44
Bark	44
Kulak	43
Brillant	43
Schar	42
Renegat	42
Qual	42
Kentaur	42
Idealist	42
Generalist	42
Frequenz	42
Trappist	41
Schiebetür	41
Methodist	41
Marxist	41
Substanz	40
Sequenz	40
Kur	40
Kriminalist	40
Drogist	40
Stewardess	39
Seminarist	39
Replikator	39
Majestät	39
Imperator	39
Exponent	39
Botschaft	39
Aszendent	39
Publizist	38
Präfekt	38
Prädikant	38
Karmelit	38
Graviton	38
Assessor	38
Schau	37
Religion	37
Philatelist	37
Monopolist	37
Magnat	37
Konsequenz	37
Distributor	37
Beiz	37
Arbeit	37
Aktualität	37
Telepath	36
Simulator	36
Revisionist	36
Reformator	36
Radiator	36
Mission	36
Fissur	36
Disponent	36
Autorität	36
Adjutant	36
Zensor	35
Traditionalist	35
Schwerion	35
Opportunist	35
Linguist	35
Injektor	35
Homöopath	35
Dynast	35
Deskriptor	35
Universität	34
Tastatur	34
Monolith	34
Magyar	34
Karnevalist	34
Internist	34
Dentist	34
Choreograf	34
Residenz	33
Obrist	33
Kontrahent	33
Imperialist	33
Ignorant	33
Exulant	33
Entität	33
Augur	33
Sentenz	32
Reaktor	32
Organisation	32
Exponat	32
Enthusiast	32
Derivat	32
Argonaut	32
Anthroposoph	32
Absenz	32
Yacht	31
Qualität	31
Moralist	31
Kritik	31
Konfirmant	31
Adventist	31
Zentralbank	30
Superintendent	30
Masochist	30
Humorist	30
Emulator	30
Statistik	29
Sicht	29
Präferenz	29
Pension	29
Mechanist	29
Lesart	29
Helot	29
Gamet	29
Flüssigkeit	29
Essenz	29
Autobahn	29
Zelot	28
Zapatist	28
Trotzkist	28
Stalagmit	28
Revanchist	28
Oszillator	28
Hobbyist	28
Geograph	28
Fachidiot	28
Exhibitionist	28
Brigant	28
Bolschewik	28
Artillerist	28
Protz	27
Monarchist	27
Migrat	27
Aspirant	27
Apostroph	27
Surrealist	26
Supervisor	26
Spiritist	26
Simulant	26
Muselman	26
Manier	26
Gratulant	26
Flagellant	26
Expressionist	26
Domestik	26
Choreograph	26
Bilanz	26
Aktor	26
Sektion	25
Provinz	25
Prokurist	25
Projekt	25
Potentat	25
Plattform	25
Oberst	25
Korrektur	25
Inquisitor	25
Indikation	25
Hedonist	25
Ästhet	24
Sunnit	24
Semit	24
Scholar	24
Rezension	24
Pharmazeut	24
Partitur	24
Mitmensch	24
Mannschaft	24
Instrumentalist	24
Foliant	24
Delinquent	24
Substituent	23
Stabilisator	23
Resistenz	23
Protuberanz	23
Koloratur	23
Karikaturist	23
Geront	23
Geodät	23
Formalität	23
Feuilletonist	23
Faktur	23
Donator	23
Client	23
Chronik	23
Brauerei	23
Vormensch	22
Uigur	22
Tradition	22
Stylist	22
Sophist	22
Singularität	22
Separator	22
Rekonvaleszent	22
Kollegiat	22
Kinematograph	22
Invasor	22
Inspizient	22
Filialist	22
Expedient	22
Chauvinist	22
Tätigkeit	21
Stalinist	21
Sextant	21
Sexist	21
Proportion	21
Modalität	21
Korrektor	21
Insurgent	21
Initiat	21
Hatz	21
Grossist	21
Genotyp	21
Garant	21
Chartist	21
Cellist	21
Arrestant	21
Allianz	21
Technik	20
Revisor	20
Replik	20
Okkultist	20
Misanthrop	20
Megalith	20
Lithograph	20
Legion	20
Konferenz	20
Kommanditist	20
Karrierist	20
Grafik	20
Geck	20
Distanz	20
Archont	20
Affekt	20
Terminator	19
Seismograph	19
Seilschaft	19
Rotator	19
Redemptorist	19
Publikation	19
Proselyt	19
Plutokrat	19
Perfektionist	19
Metropolit	19
Mentalität	19
Mensur	19
Illusionist	19
Hospitant	19
Dissertation	19
Alarmist	19
Versicherung	18
Tribun	18
Situation	18
Romanist	18
Rezeptur	18
Regulator	18
Redaktor	18
Reaktion	18
Navigator	18
Modernist	18
Leckerei	18
Konsulent	18
Kleinigkeit	18
Israelit	18
Impressionist	18
Fock	18
Existenzialist	18
Existentialist	18
Erfahrung	18
Doktrin	18
Straßenbahn	17
Spartakist	17
Realist	17
Posaunist	17
Nachzucht	17
Modist	17
Ligatur	17
Hornist	17
Garnitur	17
Futurist	17
Fachfrau	17
Dissonanz	17
Dekabrist	17
Vorwahl	16
Vollmacht	16
Vibrator	16
Vakanz	16
Sekundant	16
Resonanz	16
Rah	16
Präparator	16
Prokurator	16
Kombattant	16
Kartograph	16
Infanterist	16
Evolvent	16
Einstellung	16
Drehzahl	16
Diskutant	16
Diktatur	16
Apokryph	16
Alevit	16
Triton	15
Sergeant	15
Reparatur	15
Radiant	15
Prädiktor	15
Professur	15
Probant	15
Pfalz	15
Partition	15
Operation	15
Mixtur	15
Lokalität	15
Konvention	15
Konservator	15
Gruft	15
Fetischist	15
Festivität	15
Eisenbahn	15
Demoskop	15
Banalität	15
Autokrat	15
Ausfahrt	15
Anglist	15
Zeitung	14
Trillion	14
Schwierigkeit	14
Ration	14
Präposition	14
Promovend	14
Phantast	14
Pedant	14
Liquidator	14
Lagerist	14
Kyklop	14
Konstitution	14
Innovator	14
Innovation	14
Imitator	14
Glasur	14
Farm	14
Exeget	14
Definition	14
Castor	14
Buerokrat	14
Anatom	14
Stirn	13
Präparat	13
Polarität	13
Manufaktur	13
Kandidatur	13
Illusion	13
Habilitand	13
Gesellschaft	13
Emission	13
Divident	13
Cartoonist	13
Calvinist	13
Broschur	13
Aufsicht	13
Attraktion	13
Applikation	13
Abduktor	13
Wiedergeburt	12
Wehr	12
Wahhabit	12
Transaktion	12
Tinktur	12
Tabulator	12
Sueßigkeit	12
Subvention	12
Stator	12
Slawist	12
Sandinist	12
Royalist	12
Präsentation	12
Predigt	12
Observant	12
Nihilist	12
Missgeburt	12
Materialist	12
Maronit	12
Leistung	12
Leichtathlet	12
Lasur	12
Landschaft	12
Konrektor	12
Komposit	12
Kompensator	12
Investition	12
Flötist	12
Beziehung	12
Bacchant	12
Automobilist	12
Assoziation	12
Abart	12
Übung	11
Weisheit	11
Valor	11
Telefonist	11
Substitut	11
Ritualist	11
Remittent	11
Quadrat	11
Propagandist	11
Parodist	11
Parität	11
Mediathek	11
Kür	11
Kopilot	11
Kombination	11
Kapitulant	11
Inkubator	11
Initiant	11
Föderat	11
Eurokrat	11
Ergotherapeut	11
Duellant	11
Disparität	11
Auktion	11
Anstalt	11
Animist	11
Alkali	11
Aggressor	11
Trafikant	10
Taoist	10
Spezerei	10
Selektor	10
Saxophonist	10
Rotgardist	10
Repetent	10
Regierung	10
Referat	10
Profession	10
Plastik	10
Papist	10
Ortschaft	10
Orientalist	10
Nonkonformist	10
Nationalsozialist	10
Melodram	10
Mechanik	10
Majorität	10
Konfession	10
Kommission	10
Impression	10
Hermaphrodit	10
Furt	10
Energie	10
Diskussion	10
Demiurg	10
Dadaist	10
Autodidakt	10
Arznei	10
Apostat	10
Zäsur	9
Zuschrift	9
Utopist	9
Unmensch	9
Toleranz	9
Tendenz	9
Stressor	9
Schonzeit	9
Rüstzeit	9
Reformist	9
Potenz	9
Plagiator	9
Phänotyp	9
Persönlichkeit	9
Metallurg	9
Länderei	9
Lorbeer	9
Lizentiat	9
Laudator	9
Kosmopolit	9
Koordinant	9
Kooperation	9
Konstellation	9
Klarinettist	9
Jacht	9
Inhibitor	9
Immigrat	9
Heliostat	9
Gravur	9
Gottheit	9
Geist	9
Funktionalität	9
Formation	9
Forderung	9
Feuerwehr	9
Famulant	9
Bedingung	9
Ausstellung	9
Anästhesist	9
Andacht	9
Altruist	9
Alawit	9
Werkstaett	8
Wahrheit	8
Umwelt	8
Traktorist	8
Subskribent	8
Rechnung	8
Präzeptor	8
Prim	8
Petent	8
Obskurität	8
Motorist	8
Metrik	8
Meisterschaft	8
Lehrbub	8
Lehnsherr	8
Köstlichkeit	8
Konvektor	8
Kontaminant	8
Konfident	8
Kolonisator	8
Koalition	8
Kanzlei	8
Kalligraph	8
Jugend	8
Interpretant	8
Intensität	8
Infant	8
Immunität	8
Heiduck	8
Handlung	8
Fraktur	8
Figurant	8
Evaluator	8
Elevator	8
Elektor	8
Edition	8
Dompfaff	8
Dispositor	8
Dienstleistung	8
Destination	8
Delegat	8
Defibrillator	8
Chemikant	8
Behandlung	8
Auktionator	8
Aggregator	8
Übersicht	7
Xerophyt	7
Untat	7
Unionist	7
Tugend	7
Tempomat	7
Taktik	7
Sämerei	7
Summand	7
Rundtour	7
Rotarmist	7
Rezitator	7
Republik	7
Reagent	7
Rationalist	7
Prätendent	7
Provenienz	7
Proponent	7
Produktion	7
Prior	7
Praktik	7
Polygamist	7
Opponent	7
Natur	7
Mutat	7
Monstrosität	7
Koproduzent	7
Kontraktur	7
Kommunikator	7
Kommissur	7
Klamm	7
Kavallerist	7
Kausalität	7
Kanonist	7
Kalamität	7
Instruktion	7
Insolvenz	7
Infiltrator	7
Hensch	7
Gewerkschaft	7
Gelegenheit	7
Gegend	7
Externist	7
Experimentator	7
Erinnerung	7
Emulgator	7
Duellist	7
Deszendent	7
Brut	7
Bratschist	7
Besonderheit	7
Bankomat	7
Avantgardist	7
Aufschrift	7
Attraktor	7
Applikator	7
Apologet	7
Animation	7
Anachoret	7
Altarist	7
Aktionist	7
Akelei	7
Agitator	7
Adorant	7
Zivilisation	6
Vorstellung	6
Variat	6
Turbulenz	6
Totalisator	6
Tomograph	6
Thomist	6
Theosoph	6
Tabulatur	6
Spekulat	6
Sodomit	6
Sexualität	6
Seltenheit	6
Schwingung	6
Rüstung	6
Repetitor	6
Partizipant	6
Laureat	6
Konstruktor	6
Konföderation	6
Komplikation	6
Kommödiant	6
Kollektion	6
Kalvinist	6
Honorat	6
Girondist	6
Geomant	6
Fron	6
Flexor	6
Existenz	6
Etatist	6
Divisor	6
Diversant	6
Distribution	6
Determinat	6
Depression	6
Defätist	6
Deformität	6
Chorist	6
Bikomponent	6
Bastion	6
Barograph	6
Bandagist	6
Apparatur	6
Adressant	6
Achterbahn	6
Abkürzung	6
Zelebrant	5
Wirkung	5
Wahrscheinlichkeit	5
Visitator	5
Violinist	5
Varianz	5
Usurpator	5
Trivialität	5
Triumphator	5
Trift	5
Symbolist	5
Spannung	5
Sitzung	5
Scholarch	5
Rivalität	5
Repräsentanz	5
Rendant	5
Redaktion	5
Rationalität	5
Qualifikant	5
Präsentator	5
Promotion	5
Posteriorität	5
Population	5
Permanenz	5
Oboist	5
Nudität	5
Mutation	5
Motivator	5
Milz	5
Lithograf	5
Litanei	5
Laufbahn	5
Korrepetitor	5
Kooperator	5
Konstruktion	5
Konkurent	5
Konkordanz	5
Kinemathek	5
Kartograf	5
Kadenz	5
Ismaelit	5
Illustration	5
Hoheit	5
Hochzeit	5
Gründerzeit	5
Geograf	5
Gemeinschaft	5
Gemeinheit	5
Freundschaft	5
Formalist	5
Foederat	5
Externalität	5
Eventualität	5
Essayist	5
Destruent	5
Delegation	5
Bäckerei	5
Auszeit	5
Assonanz	5
Anzahl	5
Animator	5
Allmend	5
Akzeptant	5
Akademist	5
Agronom	5
Aggregat	5
Aeronaut	5
Abderit	5
Votant	4
Voraussetzung	4
Vorarbeit	4
Theokrat	4
Telegrafist	4
Syndikalist	4
Sykophant	4
Sutur	4
Starost	4
Spiritualist	4
Spekulation	4
Simulation	4
Sicherung	4
Schwadron	4
Saprophyt	4
Richtung	4
Rezept	4
Resultant	4
Resonator	4
Reparation	4
Registrator	4
Registrant	4
Quantität	4
Qualifikation	4
Professionist	4
Politik	4
Philanthrop	4
Peronist	4
Patenschaft	4
Partnerschaft	4
Okkupant	4
Obszönität	4
Obrigkeit	4
Novellist	4
Negationist	4
Nebenwirkung	4
Naturalist	4
Monstranz	4
Monotheist	4
Moderat	4
Mitfahrt	4
Major	4
Lebzeit	4
Lebenszeit	4
Laizist	4
Kölsch	4
Kostbarkeit	4
Korrespondenz	4
Konzession	4
Kontraktor	4
Kontorist	4
Konsonanz	4
Konkurrenz	4
Konjunktur	4
Konfiguration	4
Kolik	4
Koeffizent	4
Kinematograf	4
Kartei	4
Kandidant	4
Kabbalist	4
Intimität	4
Interaktion	4
Intention	4
Integrator	4
Infektion	4
Hierarch	4
Heirat	4
Havarist	4
Halluzination	4
Geschwindigkeit	4
Format	4
Folklorist	4
Fiktion	4
Feinheit	4
Expedition	4
Examinator	4
Errungenschaft	4
Direktion	4
Dichtung	4
Destruktor	4
Deputat	4
Deputant	4
Demonstrator	4
Christdemokrat	4
Bummelant	4
Bekanntschaft	4
Auswahl	4
Architektur	4
Anmerkung	4
Amerikanist	4
Affinität	4
Abteilung	4
Zitant	3
Zentralist	3
Wohnung	3
Vorzeit	3
Vorlesung	3
Varient	3
Variator	3
Transparent	3
Transformat	3
Thyristor	3
Theist	3
Tageszeitung	3
Synergist	3
Spezifikation	3
Sozialstaat	3
Skribent	3
Sezessionist	3
Sendung	3
Schweinerei	3
Schur	3
Restriktion	3
Reminiszenz	3
Raiffeisenbank	3
Präfektur	3
Primiziant	3
Positivist	3
Politur	3
Polist	3
Petition	3
Percussionist	3
Obliegenheit	3
Notation	3
Nebenprodukt	3
Munition	3
Morphinist	3
Moralität	3
Monetarist	3
Modifikation	3
Moderation	3
Meldung	3
Meinung	3
Manierist	3
Literatur	3
Ligist	3
Librettist	3
Lexikograph	3
Leidenschaft	3
Kumulant	3
Korreferent	3
Korporation	3
Kongruenz	3
Konfirmat	3
Konfigurator	3
Kommunität	3
Knabberei	3
Klimatist	3
Klassifikator	3
Kantonist	3
Kalfaktor	3
Jansenist	3
Jagd	3
Iteration	3
Interpretation	3
Interpolation	3
Internationalist	3
Interferenz	3
Intelligenz	3
Integration	3
Integrant	3
Installation	3
Inkarnation	3
Infusion	3
Infrastruktur	3
Informat	3
Ikonoklast	3
Hiobsbotschaft	3
Handarbeit	3
Grammatik	3
Gewohnheit	3
Garnison	3
Führung	3
Freiheit	3
Forschung	3
Flucht	3
Fallit	3
Evolutionist	3
Emigrat	3
Einzelheit	3
Einsicht	3
Ehrendoktor	3
Effektor	3
Dummheit	3
Division	3
Diktant	3
Dialysator	3
Desinfektor	3
Demonstrat	3
Demenz	3
Dekoration	3
Charakteristik	3
Bindung	3
Bigamist	3
Bestimmung	3
Bemerkung	3
Befürchtung	3
Bastei	3
Artikulator	3
Approximant	3
Anglizist	3
Akkordeonist	3
Adoptor	3
Adoptant	3
Adamit	3
Absicht	3
Abfahrt	3
Örtlichkeit	2
Zucht	2
Ziegelei	2
Zelebrität	2
Xylograph	2
Wahrnehmung	2
Vorschau	2
Viecherei	2
Umgebung	2
Umdrehung	2
Transplantation	2
Transplantat	2
Transparenz	2
Transformation	2
Transaktor	2
Topograph	2
Tonsur	2
Tomograf	2
Tenorist	2
Superior	2
Subtilität	2
Substitution	2
Stylit	2
Stenotypist	2
Spiritualität	2
Sozietät	2
Snobist	2
Situationist	2
Siedlung	2
Sensitivität	2
Sensation	2
Selektion	2
Schwangerschaft	2
Satzung	2
Rückfahrt	2
Räumlichkeit	2
Revolution	2
Revision	2
Resultat	2
Restaurant	2
Repräsentent	2
Repräsentat	2
Rentent	2
Rehabilitant	2
Regionalist	2
Reformat	2
Reflexion	2
Reederei	2
Rechtsstaat	2
Rabulist	2
Psalmist	2
Präparant	2
Provision	2
Projektion	2
Prohibitionist	2
Polizei	2
Polarisator	2
Plausibilität	2
Perversität	2
Perversion	2
Perkussionist	2
Paternalist	2
Packung	2
Opposition	2
Oligopolist	2
Observator	2
Nachgeburt	2
Mutator	2
Musik	2
Mundschenk	2
Montur	2
Medizin	2
Meditation	2
Manipulator	2
Loyalität	2
Latenz	2
Körperschaft	2
Kryptograph	2
Kryptograf	2
Kovariat	2
Korporatist	2
Koreferent	2
Koordination	2
Konzept	2
Konzentrator	2
Konklusion	2
Komtur	2
Komposition	2
Kommunikation	2
Kombinator	2
Kollaborant	2
Koautor	2
Klinostat	2
Klaviatur	2
Keramik	2
Kaustik	2
Kalkulator	2
Isolationist	2
Investitor	2
Investigator	2
Inversion	2
Invention	2
Intervention	2
Instrumentist	2
Instandsetzung	2
Ingredienz	2
Informator	2
Improvisator	2
Implantant	2
Illuminant	2
Identifikation	2
Hypokrit	2
Hydrograph	2
Honorator	2
Hinduist	2
Heuristik	2
Herrschaft	2
Herostrat	2
Habseligkeit	2
Haarspalterei	2
Gärtnerei	2
Grafschaft	2
Gegangen	2
Gefälligkeit	2
Gattung	2
Frankist	2
Fluktuation	2
Fluessigkeit	2
Fist	2
Fazilität	2
Faunist	2
Fantast	2
Fagottist	2
Exzellenz	2
Explosion	2
Explorator	2
Expansionist	2
Exekutor	2
Ethnograph	2
Ethnograf	2
Eskapist	2
Erlaucht	2
Enzyklopädist	2
Energist	2
Emanation	2
Einfahrt	2
Duplikat	2
Druckerei	2
Drift	2
Diversität	2
Dissertand	2
Diskontinuität	2
Denunziat	2
Demerit	2
Degustator	2
Defraudant	2
Deformator	2
Deduktion	2
Bücherei	2
Buett	2
Brutalität	2
Blessur	2
Besatzung	2
Bellizist	2
Begebenheit	2
Befindlichkeit	2
Bedienung	2
Baulichkeit	2
Ausfuhr	2
Auffahrt	2
Atomist	2
Assistenz	2
Assimilat	2
Aquarellist	2
Applikant	2
Angelegenheit	2
Analysator	2
Anabaptist	2
Ambulanz	2
Akzeptor	2
Aggression	2
Agglomeration	2
Afrikanist	2
Adjunkt	2
Adaptor	2
Abtei	2
Absolutist	2
Abolitionist	2
Abbreviatur	2
Abbildung	2
Überlast	1
Überfahrt	1
Äquivalenz	1
Zuwendung	1
Zuflucht	1
Zufahrt	1
Zuckung	1
Zivilisator	1
Zeptor	1
Währung	1
Witterung	1
Wissenschaft	1
Wirtschaft	1
Windung	1
Widmung	1
Wertigkeit	1
Weltmeisterschaft	1
Weisung	1
Vorleistung	1
Voluntarist	1
Viskosität	1
Virtuosität	1
Verantwortung	1
Utilität	1
Ursprung	1
Upanischad	1
Unterstützung	1
Töpferei	1
Tu	1
Trapezist	1
Transmission	1
Transmigrat	1
Translation	1
Transkription	1
Traditionist	1
Toxizität	1
Torheit	1
Tonalität	1
Titulatur	1
Testator	1
Territorialist	1
Telegraphist	1
Tektur	1
Tauchstation	1
Talmudist	1
Tagung	1
Synchronisation	1
Sukzessor	1
Subkonstituent	1
Subagent	1
Stukkatur	1
Strömung	1
Strukturalist	1
Strahlung	1
Stimmung	1
Stilist	1
Stiftung	1
Sterilisator	1
Stellung	1
Statistist	1
Stallung	1
Stabilität	1
Staatsanwaltschaft	1
Spinnerei	1
Spezifität	1
Spekulator	1
Spektabilität	1
Sozialisation	1
Sopranist	1
Simulat	1
Sentimentalität	1
Sensibilität	1
Seelenhirt	1
Schöpfung	1
Schwellung	1
Schweigepflicht	1
Schraffur	1
Schonung	1
Schonfrist	1
Schlafenszeit	1
Schiebetuer	1
Schamanist	1
Schalung	1
Saxofonist	1
Sammlung	1
Sadomasochist	1
Rezirkulier	1
Rezession	1
Rezeption	1
Revolutionist	1
Revident	1
Respirator	1
Resolution	1
Resignat	1
Repräsentation	1
Reproduktion	1
Repetant	1
Reinkarnation	1
Rehabilitation	1
Regularität	1
Regeneration	1
Reduzent	1
Redundanz	1
Reakt	1
Raa	1
Quästor	1
Quietist	1
Qualifikat	1
Quadrier	1
Quadratur	1
Psychist	1
Präsidentschaft	1
Präsentant	1
Präraffaelit	1
Provokation	1
Proklamation	1
Progressist	1
Professionalist	1
Potentialität	1
Poetik	1
Plastinat	1
Pilar	1
Physiognom	1
Philosemit	1
Philanthropist	1
Perzept	1
Personalität	1
Personalist	1
Permutation	1
Perkussion	1
Penetrator	1
Partizipation	1
Partikularist	1
Pantheist	1
Pamphletist	1
Ovation	1
Ordonnanz	1
Opportunität	1
Operist	1
Obstruent	1
Observation	1
Observat	1
Niederlassung	1
Neuerwerbung	1
Neuerung	1
Neofaschist	1
Nebenkomponent	1
Navigation	1
Nahrung	1
Nachprodukt	1
Müdigkeit	1
Multiplikation	1
Motivation	1
Motion	1
Mortalität	1
Monokultur	1
Molkerei	1
Moeglichkeit	1
Modeschau	1
Missetat	1
Missbildung	1
Migration	1
Metzgerei	1
Metakonsument	1
Menschheit	1
Manipulation	1
Manipulant	1
Malerei	1
Makulatur	1
Machart	1
Läsion	1
Lumineszenz	1
Lotion	1
Losung	1
Lineatur	1
Limitation	1
Liebschaft	1
Liebelei	1
Lesung	1
Leitung	1
Legalisation	1
Kurzweil	1
Kuer	1
Kreuzung	1
Krent	1
Kreation	1
Krankengymnast	1
Korrosion	1
Korrigent	1
Korrelation	1
Korrelat	1
Koordinent	1
Konzeptist	1
Konversion	1
Konversator	1
Konvergenz	1
Kontingenz	1
Kontaminat	1
Konsultation	1
Konstituant	1
Konspirator	1
Konkretion	1
Konjugation	1
Kongregation	1
Konfrontation	1
Kompilator	1
Kompilation	1
Kompensation	1
Komoediant	1
Komoderator	1
Kommutator	1
Kommunikat	1
Kommandantur	1
Kollision	1
Kollation	1
Kokurator	1
Kokerei	1
Koinzidenz	1
Kofaktor	1
Kodifikation	1
Koadjutor	1
Kennung	1
Kemalist	1
Kelterei	1
Kaution	1
Karenz	1
Kapitalistist	1
Kantorei	1
Kalligraf	1
Judikator	1
Judikat	1
Judaist	1
Jainist	1
Iterator	1
Ionisator	1
Inzucht	1
Investitur	1
Inventur	1
Intuition	1
Interventionist	1
Interpolator	1
Interagent	1
Intellektualist	1
Instandhaltung	1
Inspektion	1
Inkompetenz	1
Inklusion	1
Inhalator	1
Induktor	1
Individualität	1
Indiktator	1
Indifferenz	1
Implikation	1
Implantat	1
Immission	1
Imitation	1
Imitat	1
Illuminator	1
Ikonograph	1
Ikonograf	1
Identifikator	1
Hyperkondensator	1
Hydrat	1
Hundertschaft	1
Hoffnung	1
Hinsicht	1
Hierophant	1
Hemmung	1
Hebraist	1
Harmonist	1
Hannoversch	1
Halterung	1
Gravitation	1
Grausamkeit	1
Graphik	1
Granulator	1
Granulat	1
Gesandtschaft	1
Gerätschaft	1
Gerberei	1
Genossenschaft	1
Generatur	1
Genehmigung	1
Föderation	1
Furiosität	1
Frechheit	1
Fortbildung	1
Formator	1
Floetist	1
Figurat	1
Festung	1
Fermentation	1
Feindschaft	1
Fanatist	1
Famulatur	1
Extravaganz	1
Exterminat	1
Extension	1
Expeditor	1
Exkursion	1
Exkommunist	1
Exklusivität	1
Exagent	1
Evolution	1
Ergonom	1
Endung	1
Empfindung	1
Emotionalität	1
Emmission	1
Elastizität	1
Einsaat	1
Eingebung	1
Durchsicht	1
Dunkelheit	1
Dramatist	1
Dokumentation	1
Dokumentat	1
Divergenz	1
Distribuent	1
Disqualifikation	1
Disputant	1
Dispensation	1
Diskriminator	1
Diarist	1
Diagnostik	1
Dezision	1
Devastator	1
Determinist	1
Destillat	1
Desinformation	1
Deodorant	1
Denunziator	1
Denomination	1
Demonstration	1
Delirant	1
Deklination	1
Deklarator	1
Deklaration	1
Deklarant	1
Deklamator	1
Defaitist	1
Debuetant	1
Datu	1
Daguerreotypist	1
Bürokratist	1
Bürgschaft	1
Byzantinist	1
Buchhandlung	1
Buchführung	1
Bruderschaft	1
Brigadist	1
Bonapartist	1
Bibliograph	1
Bezeichnung	1
Bereitschaft	1
Belcantist	1
Belastung	1
Behinderung	1
Barograf	1
Automatist	1
Aussaat	1
Aufzucht	1
Aufwendung	1
Aufstellung	1
Aufmerksamkeit	1
Attraktivität	1
Assimilant	1
Artikulation	1
Arkanist	1
Argumentation	1
Argumentat	1
Arbitrator	1
Aquanaut	1
Apologist	1
Apertur	1
Anwesenheit	1
Antizipation	1
Antireplikator	1
Antikurator	1
Annalist	1
Animosität	1
Angewohnheit	1
Anfahrt	1
Andeutung	1
Ambivalenz	1
Ambiguität	1
Altist	1
Alphabetisator	1
Allgemeinheit	1
Alkoholist	1
Akzidenz	1
Akzelerator	1
Affirmation	1
Adoption	1
Adoleszenz	1
Administrant	1
Abprodukt	1
Abmessung	1
Ablagerung	1
Aberration	1
Abduktion	1
