Riese	5408
Familie	4642
Masse	4473
Straße	4012
Gruppe	3830
Spitze	3621
Kirche	3473
Marke	3331
Seele	3313
Katze	3228
Sonne	3179
Seite	3161
Serie	2852
Kunde	2848
Pflanze	2837
Bühne	2810
Karte	2767
Küche	2711
Gedanke	2708
Waffe	2622
Klasse	2460
Fläche	2456
Maschine	2419
Bauer	2406
Blume	2364
Auge	2329
Platte	2204
Oberfläche	2184
Droge	2178
Brücke	2175
Rose	2148
Hexe	2055
Börse	2031
Rolle	2002
Strecke	1978
Wiese	1974
Kette	1946
Wüste	1931
Krise	1929
Studie	1921
Gitarre	1891
Wolke	1849
Welle	1811
Ware	1795
Spende	1758
Höhe	1742
Branche	1741
Blüte	1740
Halle	1738
Idee	1727
Hölle	1683
Farbe	1647
Quote	1642
Oper	1641
Behörde	1629
Nase	1623
Hase	1609
Kasse	1605
Linie	1594
Note	1587
Rente	1560
Höhle	1558
Schlange	1554
Anlage	1550
Buchstabe	1540
Dame	1536
Tiefe	1528
Schokolade	1526
Tasche	1515
Probe	1511
Küste	1501
Immobilie	1454
Katastrophe	1450
Affe	1449
Hütte	1448
Bombe	1440
Banane	1440
Scheibe	1432
Schnecke	1428
Elfe	1414
Kurve	1406
Folie	1401
Flasche	1400
Beamte	1394
Mühle	1383
Stufe	1381
Löwe	1380
Decke	1373
Rakete	1372
Woche	1371
Quelle	1368
Ente	1366
Laie	1357
Biene	1350
Stunde	1346
Ressource	1342
Röhre	1334
Baustelle	1323
Jude	1316
Aufgabe	1316
Experte	1315
Ratte	1312
Schütze	1302
Dose	1285
Leiche	1266
Pause	1265
Erde	1262
Puppe	1247
Glocke	1240
Fassade	1233
Taste	1232
Flamme	1230
Schiene	1227
Aktie	1214
Lampe	1211
Sklave	1206
Treppe	1190
Stimme	1190
Kneipe	1188
Antenne	1188
Anzeige	1187
Pumpe	1183
Lüge	1179
Seide	1177
Interesse	1146
Rasse	1140
Liste	1137
Flotte	1133
Spinne	1130
Konsole	1125
Maske	1121
Same	1111
Welpe	1100
Zelle	1094
Mine	1094
Fahne	1088
Methode	1087
Akte	1084
Phase	1083
Gurke	1067
Blase	1067
Taube	1064
Perle	1064
Sekte	1058
Toilette	1056
Alge	1054
Tabelle	1044
Kampagne	1041
Truppe	1039
Kerze	1034
Nische	1027
Gilde	1027
Russe	1015
Kohle	1009
Garage	1008
Ziege	995
Zunge	991
Menge	988
Säule	984
Fliege	977
Linse	976
Lunge	973
Bulle	953
Kante	950
Ameise	948
Tomate	944
Brille	943
Stelle	942
Schraube	928
Prämie	922
Saite	919
Krone	916
Sprache	907
Apotheke	906
Niere	901
Kabine	900
Seife	898
Eiche	896
Reihe	895
Festplatte	893
Gnade	891
Zone	882
Tinte	863
Größe	863
Szene	862
Piste	858
Pyramide	855
Freude	855
Zeile	844
Grube	843
Stange	840
Flagge	840
Fee	834
Rune	829
Bakterie	826
Suppe	813
Türke	807
Weide	798
Lippe	795
Schale	790
Klinge	790
Pate	789
Krippe	786
Komponente	786
Junge	786
Rabe	785
Koralle	783
Bande	782
Terrasse	781
Eule	774
Pille	773
Ausgabe	764
Socke	758
Route	757
Rübe	755
Zielgruppe	753
Zitrone	752
Hirte	751
Hose	747
Felge	745
Minute	742
Grundlage	738
Träne	735
Schildkröte	730
Zigarette	727
Fliese	725
Traube	724
Sünde	716
Schwelle	715
Heide	715
Torte	714
Sparkasse	709
Bohne	707
Schleuse	703
Hecke	703
Palme	702
Matte	699
Tankstelle	698
Pfeife	695
Achse	694
Nummer	693
Name	693
Düne	690
Falte	677
Orange	676
Geschichte	676
Palette	667
Birke	663
Klappe	661
Devise	661
Falke	660
Mücke	659
Kiste	656
Kanone	656
Düse	656
Seuche	652
Fuge	652
Theke	650
Milliarde	648
Birne	647
Ochse	646
Operette	645
Haube	644
Frage	643
Runde	640
Beere	640
Orchidee	638
Flanke	638
Premiere	635
Schleife	634
Rute	633
Breite	629
Schwester	628
Sorte	623
Schublade	623
Turbine	621
Mythe	620
Sekunde	616
Zecke	615
Kröte	614
Sparte	613
Länge	613
Weiche	610
Friese	609
Buche	606
Tüte	601
Kassette	600
Rippe	598
Linde	590
Heilige	590
Funke	590
Tanne	588
Briefmarke	587
Trasse	586
Medaille	586
Tapete	585
Maßnahme	583
Adresse	583
Spalte	582
Ecke	575
Rampe	573
Tonne	571
Kalorie	571
Geige	570
Bremse	570
Rinde	568
Krabbe	566
Mikrowelle	565
Franzose	565
Drohne	565
Olive	564
Knabe	562
Flöte	562
Krankenkasse	561
Forelle	561
Bürste	560
Zigarre	558
Spritze	557
Zeuge	556
Laterne	554
Klamotte	554
Trompete	553
Echse	553
Schallplatte	551
Steppe	549
Fichte	549
Spule	548
Auflage	548
Krähe	547
Leuchte	546
Möhre	544
Matratze	543
Stube	542
Walze	541
Kastanie	541
Chance	541
Panne	535
Wanne	534
Tablette	533
Ebene	532
Tulpe	531
Herde	528
Silbe	527
Sonde	526
Komödie	526
Narbe	524
Erbse	523
Locke	522
Schwalbe	519
Raupe	517
Lesbe	516
Etappe	516
Epoche	516
Urkunde	515
Kantine	514
Staude	513
Pistole	513
Kapelle	513
Garnele	513
Elite	513
Gasse	512
Tatsache	510
Phrase	508
Pfanne	508
Asche	507
Kollege	505
Sehne	504
Nonne	502
Variante	499
Sippe	499
Loge	499
Abgabe	498
Vorlage	497
Kulisse	497
Chemikalie	493
Mitte	492
Kelte	491
Sohle	490
Kaktee	489
Etage	489
Kiefer	487
Kaserne	486
Hure	486
Falle	484
Domäne	484
Debatte	484
Legende	483
Lamelle	482
Reichweite	481
Germane	481
Blende	481
Summe	479
Wabe	477
Karotte	477
Schurke	472
Historie	471
Lage	468
Platine	465
Mumie	464
Lilie	464
Ruine	461
Leiste	461
Vene	459
Wirbelsäule	458
Latte	458
Elektrode	456
Prothese	455
Flosse	453
Hülse	452
Tribüne	451
Pfote	450
Melone	448
Granate	448
Sage	445
Zicke	443
Scheune	442
Spore	438
Pfaffe	438
Grotte	436
Ursache	435
Schamane	435
Metropole	435
Kappe	435
Schablone	434
Lawine	432
Rebe	431
Aue	431
Atmosphäre	427
Patrone	426
Gaststätte	426
Kutsche	423
Angestellte	423
Robbe	421
Kralle	421
Base	421
Koordinate	420
Ferse	420
Druide	419
Mütze	418
Retorte	414
Raute	414
Krawatte	414
Heuschrecke	414
Praline	413
Sitte	412
Therme	411
Kirsche	411
Winde	404
Pagode	403
Dividende	403
Nomade	401
Marmelade	401
Wange	397
Hausaufgabe	397
Wespe	396
Bote	395
Titte	394
Zeche	393
Garderobe	393
Feige	393
Harfe	392
See	391
Kategorie	391
Tasse	390
Gerste	390
Richtlinie	389
Münze	388
Meile	388
Episode	388
Gosse	387
Grieche	386
Speiche	384
Metapher	383
Jungfer	383
Matrose	382
Amazone	382
Hebamme	381
Variable	379
Giraffe	379
Waschmaschine	378
Pflaume	378
Milbe	378
Type	377
Scherbe	376
Speise	375
Noppe	375
Knolle	375
Halde	375
Folge	375
Rate	373
Lücke	371
Plantage	370
Nibelunge	370
Wade	369
Hülle	368
Ziffer	367
Urne	365
Chinese	365
Konserve	363
Ballade	363
Mulde	361
Nymphe	360
Sphäre	356
Marionette	356
Lotse	355
Niete	354
Reliquie	352
Vitrine	351
Synagoge	351
Pore	351
Pute	348
Lanze	346
Einnahme	346
Analyse	345
Haltestelle	343
Gardine	343
Auster	343
Tube	341
Sachverständige	341
Klaue	340
Trophäe	338
Einlage	338
Diode	337
Bonze	337
Muse	333
Möwe	332
Lauge	332
Handtasche	332
Larve	330
Zange	328
Perspektive	328
Büchse	328
Schlacke	327
Galle	327
Beduine	327
Klippe	326
Jacke	326
Witwe	324
Diskette	323
Nabe	322
Waise	320
Warze	318
Stute	318
Schanze	318
Drüse	317
Peitsche	315
Erle	314
Masche	312
Periode	311
Motte	311
Posaune	310
Melodie	310
Backe	309
Feder	308
Wimper	307
Charge	307
Kaskade	306
Gebärde	305
Libelle	304
Sirene	302
Made	302
Laube	302
Junggeselle	301
Fäkalie	301
Windmühle	300
Schranke	300
Fähre	300
These	299
Rosine	299
Rille	299
Nutte	299
Götze	299
Reise	298
Waage	297
Baracke	297
Pädagoge	295
Soße	294
Klingone	294
Zacke	292
Flocke	292
Fahrkarte	292
Sprosse	291
Presse	291
Quitte	290
Perücke	288
Oase	288
Loipe	288
Landkarte	288
Fritte	287
Stelze	286
Glatze	285
Schelle	284
Sense	283
Schreibmaschine	282
Miete	282
Kruste	282
Meise	281
Rosette	280
Borste	279
Marge	278
Knospe	278
Gabe	278
Schwinge	277
Fährte	277
Finne	277
Eingeborene	276
Bohle	276
Krake	275
Ikone	274
Rinne	273
Kippe	273
Überstunde	272
Stütze	272
Qualle	272
Esche	271
Rüge	270
Nelke	270
Amplitude	270
Promenade	268
Antike	268
Kufe	266
Theorie	265
Spirituose	265
Parzelle	265
Tunte	264
Kieme	264
Dicke	264
Aprikose	264
Bude	263
Zehe	262
Glühbirne	262
Bursche	262
Lehrstelle	261
Etikette	261
Markise	260
Theologe	259
Plane	259
Beilage	256
Glühlampe	255
Vorrunde	253
Salbe	253
Angehörige	253
Taverne	252
Schlaufe	252
Keule	251
Anleihe	251
Synapse	248
Binse	248
Sauce	247
Kolonne	247
Lende	245
Schimpanse	244
Rückseite	244
Glaube	244
Vase	243
Scholle	243
Lupe	243
Klarinette	243
Hürde	243
Dogge	243
Broschüre	242
Ganove	241
Clique	241
Vorstufe	240
Skizze	240
Fußnote	238
Ranke	237
Petersilie	237
Kathode	237
Daune	237
Kapuze	236
Zwetschge	235
Statue	235
Lärche	235
Intrige	234
Wanze	233
Voliere	233
Mode	233
Collage	233
Henne	232
Pinie	231
Kurde	231
Mappe	230
Kueche	230
Flechte	229
Diele	229
Karre	228
Kartusche	227
Arkade	227
Lagune	226
Kutte	226
Kannibale	226
Eidechse	226
Stammzelle	225
Matrize	224
Mangrove	224
Flinte	224
Pointe	223
Pupille	222
Wehe	221
Barde	221
Weste	220
Schotte	220
Invalide	219
Horde	219
Erbe	219
Mormone	218
Dahlie	218
Lerche	215
Laute	215
Schnulze	214
Buchse	214
Zeremonie	213
Schlinge	213
Rückrunde	213
Ähre	212
Unterlage	212
Anode	212
Taille	209
Savanne	208
Kläranlage	208
Facette	208
Saline	207
Karawane	207
Geste	207
Pfütze	206
Nixe	206
Brache	206
Kanne	205
Fete	205
Pocke	204
Hunne	204
Eibe	204
Schürze	203
Plakette	203
Bube	203
Aussage	203
Arterie	202
Akazie	202
Schlampe	201
Mandarine	201
Däne	201
Mikrobe	200
Energie	200
Mongole	199
Hitparade	199
Zarge	198
Kloake	198
Hornisse	198
Wende	197
Boje	196
Wellenlänge	194
Psychologe	194
Hugenotte	194
Wueste	193
Planke	193
Parole	193
Dienstbote	193
Tragödie	192
Strophe	192
Latrine	192
Brite	192
Borusse	191
Pauke	190
Gage	190
Watte	189
Rutsche	188
Serviette	187
Kopie	187
Grille	187
Zeder	186
Bure	186
Boerse	186
Rüsche	185
Latsche	185
Welfe	183
Patrouille	182
Pappe	182
Kommune	182
Attacke	182
Hypothese	181
Aufnahme	181
Amme	181
Schäre	179
Sandale	179
Limonade	179
Hymne	179
Emanze	179
Sardine	178
Assassine	178
Allee	178
Schmiere	177
Kolumne	177
Umfrage	176
Pose	176
Kamelie	176
Hagebutte	176
Virtuose	175
Zinke	174
Sache	173
Litze	173
Geschäftsstelle	173
Synode	172
Klemme	172
Anekdote	171
Limousine	170
Hoehe	170
Weite	169
Tscheche	169
Slawe	169
Makrele	169
Klinke	169
Fanfare	169
Bestie	169
Teutone	167
Pistazie	167
Moräne	167
Backware	167
Azteke	167
Aubergine	167
Violine	166
Schule	166
Limone	166
Aminosäure	166
Öse	165
Ulme	165
Rede	165
Beule	165
Vignette	164
Stärke	164
Sprechstunde	164
Passage	164
Wunde	163
Tatze	163
Serpentine	163
Gote	163
Sparre	161
Limette	161
Schöffe	160
Schärfe	160
Oblate	160
Geselle	159
Tide	158
Binde	158
Termite	157
Schnauze	157
Salmonelle	157
Kathedrale	157
Spirale	156
Paillette	156
Luke	156
Krücke	156
Kollekte	156
Apfelsine	156
Schlehe	154
Miene	154
Lehne	154
Kernwaffe	154
Hyäne	154
Stele	153
Bruecke	153
Artischocke	153
Lusche	152
Hupe	152
Wache	151
Taxe	151
Narzisse	151
Metastase	151
Koje	151
Galerie	151
Normanne	150
Jurte	150
Delikatesse	150
Zinne	149
Sperre	149
Blondine	149
Zulage	148
Spülmaschine	148
Schenke	147
Novelle	146
Marone	146
Kriegsgefangene	146
Borke	146
Zisterne	145
Sternwarte	145
Dekade	145
Barriere	145
Woge	144
Manege	144
Flaute	144
Batterie	144
Älteste	143
Zyste	143
Weise	143
Truhe	143
Hostie	143
Beute	143
Alemanne	142
Zitze	141
Triade	141
Buße	141
Antilope	141
Tante	140
Pritsche	140
Mole	140
Kueste	140
Ellipse	140
Büste	140
Mähne	139
Maser	139
Mandoline	139
Longe	139
Herr	139
Wacke	138
Rücklage	138
Jolle	138
Tatare	137
Kohorte	137
Grenze	137
Furche	137
Arie	137
Palisade	136
Geranie	136
Traverse	134
Schläfe	134
Bluse	134
Zypresse	133
Police	133
Novize	133
Buehne	133
Zentrifuge	132
Strafe	132
Serbe	132
Pforte	132
Manschette	132
Feile	132
Dublette	132
Breme	132
Muffe	131
Klause	131
Gerte	131
Frikadelle	131
Äsche	130
Stiege	130
Paste	130
Page	130
Kamille	130
Ampulle	130
Vorgesetzte	129
Robe	129
Partie	129
Mimose	129
Loewe	129
Kehle	129
Hieroglyphe	129
Gräte	129
Amöbe	129
Spange	128
Schnake	128
Jause	128
Leitplanke	127
Gazelle	127
Linke	126
Fontäne	126
Androide	126
Tangente	125
Liane	125
Fuchsie	125
Draisine	125
Strebe	124
Standarte	124
Kurzgeschichte	124
Initiative	124
Graupe	124
Auslage	124
Oboe	123
Maure	123
Printe	122
Bratsche	122
Archäologe	122
Katakombe	121
Wippe	120
Vorspeise	120
Koppe	120
Alternative	120
Vorname	119
Sarazene	119
Bretone	119
Wohnfläche	118
Maultasche	118
Lupine	118
Elle	118
Ader	118
Sukkulente	117
Posse	117
Bandage	117
Zentrale	116
Insasse	116
Galeere	116
Fratze	116
Beschwerde	116
Vorgabe	115
Suche	115
Reuse	115
Klampfe	115
Zugabe	114
Schnittblume	114
Hortensie	114
Braue	114
Wohngruppe	113
Marille	113
Lokomotive	113
Kurie	113
Kaverne	113
Silhouette	112
Sicke	112
Klette	112
Glucke	112
Delle	112
Barrikade	112
Zitadelle	111
Unke	111
Schnalle	111
Pastete	110
Parade	110
Papille	110
Panflöte	110
Neurose	110
Irokese	110
Gaube	110
Schießbude	109
Lore	109
Feuerwaffe	109
Textilie	108
Sonate	108
Lasche	108
Doge	108
Chrysantheme	108
Reserve	107
Kroate	107
Föhre	107
Brasse	107
Schote	106
Schnepfe	106
Scherge	106
Platane	106
Pipette	106
Garde	106
Apache	106
Wille	105
Pleite	105
Kalotte	105
Dirne	105
Anemone	105
Mirabelle	104
Magnolie	104
Gerade	104
Elster	104
Jalousie	103
Imme	103
Fregatte	102
Vorsitzende	101
Soziologe	101
Senne	101
Rückleuchte	101
Oktave	101
Romanze	100
Annonce	100
Agave	100
Zikade	99
Tartare	99
Pfründe	99
Liebe	99
Lette	99
Legehenne	99
Kuppe	99
Kichererbse	99
Diagnose	99
Bütte	99
Bluete	99
Visite	98
Umlage	98
Hypophyse	98
Tenne	97
Spüle	97
Scharte	97
Myrte	97
Kantate	97
Girlande	97
Vandale	96
Nachkomme	96
Hinterbliebene	96
Tantieme	95
Lude	95
Walküre	94
Komparse	94
Gatte	94
Prognose	93
Nematode	93
Fotze	93
Beihilfe	93
Ausrede	93
Senke	92
Niederlage	92
Mutter	92
Dusche	92
Ausnahme	92
Steuer	91
Natter	91
Mittelklasse	91
Bolle	91
Suite	90
Stratosphäre	90
Roehre	90
Bazille	90
Schwarte	89
Harpune	89
Grimasse	89
Glosse	89
Druse	89
Wünschelrute	88
Naturalie	88
Kelle	88
Backstube	88
Sardelle	87
Reisende	87
Moschee	87
Malve	87
Konfitüre	87
Hottentotte	87
Haxe	87
Egge	87
Angabe	87
Affäre	87
Recherche	86
Mauer	86
Languste	86
Droschke	86
Chimäre	86
Bulette	86
Spitzbube	85
Pygmäe	85
Molke	85
Macke	85
Leiter	85
Kartonage	85
Kajüte	85
Huette	85
Flottille	85
Brahmane	85
Bordüre	85
Biologe	85
Schliere	84
Salve	84
Pantomime	84
Hüne	84
Hüllkurve	84
Geologe	84
Gemse	84
Gemeinde	84
Espe	84
Azalee	84
Versehrte	83
Trense	83
Sorbe	83
Orgie	83
Muskete	83
Kommode	83
Hoehle	83
Garbe	83
Strähne	82
Schlaraffe	82
Gehilfe	82
Philologe	81
Nachbar	81
Kaper	81
Idylle	81
Diakonisse	81
Devotionalie	81
Bronchie	81
Afghane	81
Kombüse	80
Knarre	80
Kaulquappe	80
Hoelle	80
Borte	80
Volute	79
Hainbuche	79
Behoerde	79
Syrte	78
Ritze	78
Rendite	78
Mucke	78
Matrone	78
Materie	78
Lafette	78
Erdbeere	78
Todesstrafe	77
Letter	77
Gefährte	77
Eingabe	77
Zote	76
Sprotte	76
Riege	76
Charlotte	76
Triole	75
Recke	75
Rabauke	75
Quinte	75
Pinzette	75
Melisse	75
Hämorrhoide	75
Fehde	75
Baske	75
Viper	74
Urologe	74
Tamile	74
Mansarde	74
Lehre	74
Langobarde	74
Karriere	74
Hanse	74
Diatomee	74
Blockade	74
Asiate	74
Mime	73
Korinthe	73
Borrelie	73
Baude	73
Sure	72
Schnucke	72
Lache	72
Krume	72
Kehre	72
Fluglinie	72
Dolde	72
Roulade	71
Päonie	71
Putte	71
Hefe	71
Groeße	71
Bürge	71
Mailingliste	70
Leguminose	70
Ende	70
Boutique	70
Vogelscheuche	69
Spanne	69
Schleie	69
Hilfe	69
Stulle	68
Schuetze	68
Schleppe	68
Rumäne	68
Rivale	68
Hyazinthe	68
Hemisphäre	68
Trappe	67
Kerbe	67
Kasematte	67
Karosse	67
Hebebühne	67
Filiale	67
Butte	67
Barkasse	67
Stadtverordnete	66
Schlappe	66
Rispe	66
Offerte	66
Lunte	66
Kolonie	66
Kogge	66
Karde	66
Flame	66
Citrone	66
Amphore	66
Raste	65
Bulldogge	65
Zwetsche	64
Renke	64
Realie	64
Plombe	64
Karkasse	64
Datsche	64
Brigade	64
Alamanne	64
Triode	63
Säure	63
Hippe	63
Astrologe	63
Wette	62
Vorwoche	62
Tülle	62
Traufe	62
Tagesstätte	62
Riefe	62
Pomeranze	62
Mohrrübe	62
Mette	62
Klage	62
Hüfte	62
Hominide	62
Haushaltsware	62
Eizelle	62
Bilge	62
Attrappe	62
Schnitte	61
Schalotte	61
Pirouette	61
Kammer	61
Samojede	60
Prämisse	60
Margerite	60
Vetter	59
Spraydose	59
Prise	59
Leuchtstoffröhre	59
Bajuware	59
Arche	59
Apokalypse	59
Ablage	59
Stafette	58
Reportage	58
Regel	58
Gynäkologe	58
Fräse	58
Schließe	57
Osmane	57
Harke	57
Bullauge	57
Augenzeuge	57
Ionosphäre	56
Bulgare	56
Beigabe	56
Armee	56
Trichine	55
Sänfte	55
Nektarine	55
Muehle	55
Kojote	55
Grippe	55
Furie	55
Demagoge	55
Brause	55
Balte	55
Tränke	54
Skythe	54
Meute	54
Memme	54
Gemme	54
Bowle	54
Anomalie	54
Zichorie	53
Strategie	53
Quaste	53
Pinne	53
Otter	53
Nuance	53
Kolchose	53
Faser	53
Aster	53
Rabatte	52
Quecke	52
Pfette	52
Parallaxe	52
Luege	52
Klammer	52
Kartoffel	52
Bourbone	52
Synkope	51
Spelunke	51
Makrone	51
Tamariske	50
Stanze	50
Sonder	50
Motette	50
Matze	50
Tresse	49
Stubbe	49
Schwäche	49
Romane	49
Pampelmuse	49
Laune	49
Gouvernante	49
Depesche	49
Arabeske	49
Spinnwebe	48
Serenade	48
Schneise	48
Kuhle	48
Glotze	48
Barte	48
Balustrade	48
Schnute	47
Politesse	47
Orthopäde	47
Hellebarde	47
Ethnie	47
Trajektorie	46
Quetsche	46
Quarte	46
Petunie	46
Orientale	46
Kurtisane	46
Initiale	46
Halunke	46
Banause	46
Ursuline	45
Unze	45
Schrippe	45
Rötel	45
Pomade	45
Minze	45
Machete	45
Lektüre	45
Krause	45
Ire	45
Gülle	45
Gamasche	45
Fürbitte	45
Expertise	45
Enklave	45
Duese	45
Doublette	45
Bolide	45
Würde	44
Stulpe	44
Muräne	44
Monade	44
Leuchtstofflampe	44
Leihe	44
Kontrolle	44
Komplize	44
Hocke	44
Hesperide	44
Harpyie	44
Dürre	44
Dioptrie	44
Auerochse	44
Alter	44
Sibylle	43
Segel	43
Myrrhe	43
Ministeriale	43
Metamorphose	43
Ideologie	43
Färse	43
Feste	43
Epigone	43
Diagonale	43
Bramme	43
Blogosphäre	43
Arthropode	43
Therapie	42
Spelze	42
Gumpe	42
Glorie	42
Determinante	42
Dauer	42
Chiffre	42
Begonie	42
Straßenkarte	41
Skalde	41
Routine	41
Pope	41
Muskel	41
Muecke	41
Haubitze	41
Ephemeride	41
Annahme	41
Stratege	40
Patte	40
Nisse	40
Mestize	40
Guillotine	40
Drainage	40
Barke	40
Ahle	40
Zofe	39
Schärpe	39
Schnuppe	39
Ruebe	39
Pathologe	39
Membrane	39
Massage	39
Kruppe	39
Krampe	39
Kimme	39
Faxe	39
Diözese	39
Allergie	39
Rückblende	38
Parallele	38
Palmette	38
Ornithologe	38
Gämse	38
Friteuse	38
Dschunke	38
Biographie	38
Scientologe	37
Schwiele	37
Monographie	37
Gladiole	37
Friseuse	37
Blatter	37
Viole	36
Technologie	36
Schippe	36
Reprise	36
Pratze	36
Nachspeise	36
Lithosphäre	36
Kreole	36
Kordillere	36
Floete	36
Finte	36
Farre	36
Eskorte	36
Akademie	36
Zusage	35
Wonne	35
Troposphäre	35
Schmonzette	35
Schikane	35
Runkelrübe	35
Pekinese	35
Ottone	35
Montage	35
Meteorologe	35
Doppe	35
Docke	35
Brosche	35
Beize	35
Öde	34
Vernissage	34
Vedute	34
Spardose	34
Schulter	34
Schmerle	34
Schatulle	34
Rutte	34
Paschtune	34
Nachname	34
Nachfahre	34
Mulatte	34
Menopause	34
Lanzette	34
Krokette	34
Krempe	34
Korvette	34
Kompresse	34
Hellene	34
Etüde	34
Duene	34
Bache	34
Zündfunke	33
Trosse	33
Schildkroete	33
Pranke	33
Platzpatrone	33
Nüster	33
Kotze	33
Karwoche	33
Kapillare	33
Insignie	33
Hader	33
Fritze	33
Flause	33
Utopie	32
Seezunge	32
Portugiese	32
Malaie	32
Klitsche	32
Kamelle	32
Jauche	32
Ideologe	32
Harmonie	32
Dalbe	32
Brombeere	32
Siamese	31
Pauschale	31
Ordinate	31
Mätresse	31
Moehre	31
Mobilie	31
Konstituente	31
Kastagnette	31
Groteske	31
Griebe	31
Genitalie	31
Fayence	31
Endivie	31
Antipode	31
Untiefe	30
Slowene	30
Seldschuke	30
Schmelze	30
Schlingpflanze	30
Satire	30
Maskerade	30
Marinade	30
Kirgise	30
Kabale	30
Jambe	30
Isomatte	30
Hetäre	30
Fuhre	30
Clementine	30
Absprache	30
Wurzel	29
Vorhalle	29
Süße	29
Ronde	29
Revolte	29
Remittende	29
Psychose	29
Poularde	29
Politologe	29
Logopäde	29
Kleie	29
Kardiologe	29
Herme	29
Herberge	29
Grütze	29
Gehre	29
Fibrille	29
Tuerke	28
Trikotage	28
Tranche	28
Spürnase	28
Schmeißfliege	28
Neurologe	28
Neffe	28
Maxime	28
Magnitude	28
Leere	28
Kreide	28
Kaschemme	28
Göre	28
Gallone	28
Egomane	28
Banderole	28
Zoonose	27
Pulle	27
Normalie	27
Johannisbeere	27
Haue	27
Enge	27
Börde	27
Begierde	27
Bahre	27
Unschärfe	26
Undine	26
Stake	26
Parodie	26
Neunauge	26
Margarine	26
Lohe	26
Kemenate	26
Glubschauge	26
Gazette	26
Fressalie	26
Fliegenklatsche	26
Feuerzangenbowle	26
Brachse	26
Aberglaube	26
Zuave	25
Tuete	25
Sole	25
Rotunde	25
Radiolarie	25
Piroge	25
Pinole	25
Nichte	25
Narde	25
Industrie	25
Hirse	25
Dynastie	25
Drachme	25
Cousine	25
Billiarde	25
Vorliebe	24
Vietnamese	24
Tscherkesse	24
Suffragette	24
Suende	24
Schänke	24
Ramme	24
Pobacke	24
Luzerne	24
Kochstelle	24
Kartätsche	24
Joppe	24
Hurone	24
Hundehütte	24
Eleve	24
Ecker	24
Dichte	24
Biografie	24
Zistrose	23
Turkmene	23
Stakete	23
Singstunde	23
Seleukide	23
Repressalie	23
Platitüde	23
Ouvertüre	23
None	23
Kratze	23
Konkubine	23
Kletter	23
Kelter	23
Karaffe	23
Huelse	23
Gilge	23
Falbe	23
Estrade	23
Eiderente	23
Bruchbude	23
Übernahme	22
Wurte	22
Vanille	22
Teilnahme	22
Statuette	22
Sexte	22
Sahne	22
Pausche	22
Newsgruppe	22
Kresse	22
Kimber	22
Kasache	22
Karavane	22
Grazie	22
Gefreite	22
Ethnologe	22
Wumme	21
Wochenende	21
Wirkware	21
Wallone	21
Walke	21
Vorstrafe	21
Vakuole	21
Tschetschene	21
Sülze	21
Schräge	21
Schleiche	21
Sassanide	21
Remonte	21
Rauke	21
Nekrose	21
Hämorride	21
Hochschule	21
Figurine	21
Dyade	21
Buerste	21
Zimmer	20
Wiedervorlage	20
Plattitüde	20
Phäake	20
Pauschalreise	20
Olympiade	20
Mühe	20
Muenze	20
Metaphase	20
Lombarde	20
Kroete	20
Kommunarde	20
Kladde	20
Härte	20
Hitze	20
Himbeere	20
Gemüse	20
Gaupe	20
Formalie	20
Destille	20
Dermatologe	20
Brise	20
Aushilfe	20
Anthropologe	20
Anthere	20
Allegorie	20
Zirbeldrüse	19
Wetter	19
Wandale	19
Treue	19
Trespe	19
Tippse	19
Slowake	19
Rupie	19
Radiologe	19
Nudel	19
Magistrale	19
Knagge	19
Karausche	19
Kamee	19
Hofschranze	19
Gose	19
Eichel	19
Bitte	19
Araukarie	19
Analogie	19
Untergebene	18
Tute	18
Sulze	18
Schande	18
Rätsche	18
Ralle	18
Pruzze	18
Pinte	18
Pelle	18
Pastille	18
Leckage	18
Kornelkirsche	18
Kopte	18
Invariante	18
Goetze	18
Gaststube	18
Garantie	18
Fontaine	18
Fernreise	18
Binge	18
Avantgarde	18
Voute	17
Visage	17
Terrine	17
Parse	17
Kämpe	17
Journaille	17
Hierarchie	17
Forsythie	17
Exklave	17
Chaise	17
Beuge	17
Ansprache	17
Anklage	17
Ägyptologe	16
Zwiebel	16
Zoologe	16
Wäsche	16
Wächte	16
Wiederaufnahme	16
Scheuer	16
Salweide	16
Ruhe	16
Rueckrunde	16
Rheumatologe	16
Preiselbeere	16
Phantasie	16
Muetze	16
Metope	16
Kontroverse	16
Kaule	16
Kaschube	16
Kartause	16
Hetze	16
Grätsche	16
Gardenie	16
Bresche	16
Attitüde	16
Aloe	16
Abszisse	16
Önologe	15
Webware	15
Turteltaube	15
Trompe	15
Tonnage	15
Sühne	15
Synthese	15
Schramme	15
Röte	15
Remoulade	15
Opfer	15
Onkologe	15
Nukleinsäure	15
Mähre	15
Muschel	15
Megatonne	15
Marginalie	15
Mandel	15
Knetmasse	15
Kneifzange	15
Kapriole	15
Huelle	15
Hucke	15
Heidelbeere	15
Förde	15
Feme	15
Epidemie	15
Entomologe	15
Eklipse	15
Usbeke	14
Tusche	14
Tschuktsche	14
Thrombose	14
Terzine	14
Stille	14
Speicher	14
Soffitte	14
Sinfonie	14
Seepocke	14
Schüppe	14
Sause	14
Ruege	14
Pyromane	14
Polonaise	14
Pirogge	14
Pesete	14
Olle	14
Nadel	14
Liturgie	14
Kommilitone	14
Georgine	14
Genealoge	14
Frische	14
Ferne	14
Elegie	14
Dole	14
Computer	14
Bibliographie	14
Bergamotte	14
Affaire	14
Änder	13
Windel	13
Vorbühne	13
Verbene	13
Tuberkulose	13
Synopse	13
Symphonie	13
Strosse	13
Strafsache	13
Souffleuse	13
Sodale	13
Schwere	13
Schwende	13
Schraffe	13
Pleuelstange	13
Patsche	13
Parze	13
Noxe	13
Narkose	13
Mänade	13
Luecke	13
Lotterie	13
Lakritze	13
Kustode	13
Insel	13
Hinde	13
Heroine	13
Herbstzeitlose	13
Este	13
Ephebe	13
Emballage	13
Dekretale	13
Bürger	13
Buechse	13
Bombarde	13
Zwickmühle	12
Wärme	12
Wilder	12
Vorbote	12
Synergie	12
Swebe	12
Sultanine	12
Septime	12
Sarde	12
Preziose	12
Phobie	12
Mähmaschine	12
Mutage	12
Meister	12
Maische	12
Lymphe	12
Krinoline	12
Korse	12
Klampe	12
Katechese	12
Kabyle	12
Hälfte	12
Hypotenuse	12
Grundschule	12
Grisette	12
Gastropode	12
Futter	12
Fassette	12
Epiphanie	12
Blindschleiche	12
Baronie	12
Anthologie	12
Windmuehle	11
Wiedergabe	11
Weile	11
Wander	11
Vigilie	11
Trilliarde	11
Tapisserie	11
Stätte	11
Strapaze	11
Stellungnahme	11
Staffel	11
Spirochäte	11
Schimäre	11
Sammel	11
Rückfrage	11
Rhapsode	11
Psyche	11
Postille	11
Kugel	11
Kokotte	11
Gerage	11
Führe	11
Finesse	11
Filter	11
Farce	11
Ernte	11
Eile	11
Dominante	11
Diabetologe	11
Dasselfliege	11
Brühe	11
Banse	11
Bakteriophage	11
Ammer	11
Wasser	10
Waagschale	10
Vorerbe	10
Tunguse	10
Tsetsefliege	10
Tribuene	10
Tirade	10
Taufe	10
Tafel	10
Sympathie	10
Stenose	10
Sonatine	10
Solfatare	10
Schoeffe	10
Prophylaxe	10
Pretiose	10
Paläontologe	10
Novene	10
Nebenfolge	10
Nachfrage	10
Morelle	10
Mittel	10
Mayonnaise	10
Kusine	10
Koryphäe	10
Kopeke	10
Knubbe	10
Kletze	10
Galeone	10
Fotografie	10
Fantasie	10
Entnahme	10
Eiter	10
Dörre	10
Dränage	10
Buhle	10
Bauweise	10
Aussprache	10
Asymptote	10
Anrede	10
Anamnese	10
Akzise	10
Zeese	9
Zauber	9
Wechselstube	9
Unehre	9
Ufer	9
Tücke	9
Systole	9
Symbiose	9
Spezie	9
Singhalese	9
Schranze	9
Reklame	9
Pomologe	9
Pausbacke	9
Memorabilie	9
Libanese	9
Levkoje	9
Krevette	9
Kolibakterie	9
Kohlensäure	9
Japanologe	9
Indogermane	9
Hygiene	9
Huerde	9
Hintersasse	9
Glyzine	9
Finger	9
Einsprache	9
Dublone	9
Dronte	9
Dieme	9
Breche	9
Balance	9
Anapher	9
Acker	9
Äolsharfe	8
Zygote	8
Zeitgenosse	8
Wechte	8
Wechsel	8
Vorhölle	8
Unsitte	8
Toxikologe	8
Staffage	8
Spille	8
Schwärze	8
Schrunde	8
Sansculotte	8
Ruesche	8
Ruder	8
Reue	8
Repetitorie	8
Phiole	8
Nachfolge	8
Mythologie	8
Muße	8
Mogul	8
Moewe	8
Marotte	8
Lachsalve	8
Kälte	8
Kuvertüre	8
Kule	8
Kompanie	8
Kazike	8
Kausche	8
Katalane	8
Kasserolle	8
Jüte	8
Injurie	8
Initialie	8
Genuese	8
Galosche	8
Flunder	8
Feier	8
Equipage	8
Eiderdaune	8
Dunkel	8
Deponie	8
Brosame	8
Blöße	8
Blätter	8
Blesse	8
Bastel	8
Bagatelle	8
Arthrose	8
Antinomie	8
Allergologe	8
Agraffe	8
Abnahme	8
Zucker	7
Winter	7
Volkshochschule	7
Vokalise	7
Vokabel	7
Tadschike	7
Strenge	7
Skote	7
Skoliose	7
Sitzecke	7
Singstimme	7
Schäbe	7
Satyr	7
Retourkutsche	7
Quarantäne	7
Pappel	7
Panzer	7
Orgel	7
Olympionike	7
Offensive	7
Nähe	7
Notaufnahme	7
Myriade	7
Mykologe	7
Mitglieder	7
Melasse	7
Krätze	7
Konter	7
Karbidlampe	7
Kanzone	7
Kachel	7
Kabel	7
Hermundure	7
Gluehbirne	7
Formel	7
Feuer	7
Erinnye	7
Enzyklopädie	7
Doppel	7
Dattel	7
Danaide	7
Bürde	7
Broschuere	7
Bataille	7
Auslese	7
Augustine	7
Aralie	7
Apostille	7
Aide	7
Zunahme	6
Waffel	6
Vorlese	6
Vorhersage	6
Virologe	6
Vergabe	6
Unruhe	6
Tunke	6
Trüffel	6
Terminologie	6
Sylphide	6
Stampfe	6
Spiegel	6
Sinologe	6
Schliche	6
Schermaschine	6
Schelte	6
Scharade	6
Rückgabe	6
Rotatorie	6
Rochade	6
Retraite	6
Plache	6
Pfarre	6
Paradoxie	6
Order	6
Netiquette	6
Monografie	6
Moderne	6
Misere	6
Ministerialie	6
Mineraloge	6
Miere	6
Mecker	6
Lappalie	6
Kosmologe	6
Komoedie	6
Kokarde	6
Karamelle	6
Hypothenuse	6
Hydrologe	6
Hyade	6
Generalie	6
Floskel	6
Fackel	6
Durchsicker	6
Demokratie	6
Courtage	6
Brezel	6
Bosniake	6
Blamage	6
Biennale	6
Beißzange	6
Aventiure	6
Arkebuse	6
Ampel	6
Amorette	6
Zwicke	5
Zither	5
Zenturie	5
Würze	5
Wuenschelrute	5
Webkante	5
Vorsilbe	5
Trommel	5
Trikolore	5
Transversale	5
Stotter	5
Soutane	5
Skabiose	5
Sehrinde	5
Seance	5
Schwefelsäure	5
Schuerze	5
Schnatterente	5
Schlüssel	5
Scheiter	5
Schappe	5
Schachtel	5
Saxone	5
Robinsonade	5
Regelung	5
Raffinerie	5
Querele	5
Puderquaste	5
Probennahme	5
Planchette	5
Photographie	5
Philosophie	5
Pharmakologe	5
Partite	5
Papyrologe	5
Panfloete	5
Ottomane	5
Octave	5
Nachwehe	5
Muster	5
Meuchel	5
Merle	5
Megäre	5
Materalie	5
Marquise	5
Leber	5
Konsul	5
Klapper	5
Kehrseite	5
Karosserie	5
Kardätsche	5
Kantharide	5
Kalesche	5
Inventarie	5
Insektivore	5
Inkunabel	5
Häresie	5
Huene	5
Horizontale	5
Hemlocktanne	5
Guilloche	5
Glaziologe	5
Glasfaser	5
Gevatter	5
Geister	5
Gabel	5
Förder	5
Frühe	5
Elektrolyse	5
Ekstase	5
Ebbe	5
Druese	5
Drogerie	5
Chilene	5
Chansonette	5
Birmane	5
Beiname	5
Basilie	5
Apanage	5
Anker	5
Amoebe	5
Allüre	5
Allmende	5
Ägide	4
Zuname	4
Würfel	4
Wunder	4
Winkel	4
Wehne	4
Vlame	4
Undezime	4
Trauer	4
Trance	4
Takelage	4
Szenerie	4
Stoffwechsel	4
Stecknadel	4
Spindel	4
Septarie	4
Schueppe	4
Schminke	4
Scharbe	4
Rücknahme	4
Rueckseite	4
Ruderalpflanze	4
Roller	4
Ringelnatter	4
Retusche	4
Realschule	4
Ratter	4
Raize	4
Quabbe	4
Promesse	4
Pneumologe	4
Physiologe	4
Penne	4
Patine	4
Normalsterbliche	4
Nockerl	4
Myrre	4
Murmel	4
Monegasse	4
Monarchie	4
Migräne	4
Meier	4
Magie	4
Linder	4
Lachtaube	4
Kürze	4
Kriminologe	4
Kombuese	4
Kolportage	4
Knister	4
Klingel	4
Klimatologe	4
Khedive	4
Kegel	4
Kauer	4
Karavelle	4
Kapsel	4
Jugoslawe	4
Intrade	4
Immunologe	4
Hämatologe	4
Hypostase	4
Hunger	4
Hommage	4
Hinder	4
Herpetologe	4
Hantel	4
Grisaille	4
Gloriole	4
Gitter	4
Garotte	4
Fürsorge	4
Freimaurerloge	4
Folter	4
Folsäure	4
Etagere	4
Eremitage	4
Einsiedel	4
Einschüchter	4
Eier	4
Distel	4
Chronologe	4
Bügel	4
Butter	4
Bonne	4
Beichte	4
Bedauer	4
Autonomie	4
Anprobe	4
Anhöhe	4
Affiche	4
Absence	4
Übergabe	3
Zimbel	3
Wuerde	3
Witter	3
Vorrede	3
Vorbörse	3
Voraussage	3
Virtualie	3
Unsumme	3
Typologie	3
Turkologe	3
Trombe	3
Travestie	3
Tournee	3
Topographie	3
Titel	3
Technologe	3
Tautologie	3
Stöber	3
Stupidie	3
Stuetze	3
Stemme	3
Stachel	3
Spuele	3
Splitter	3
Silage	3
Semmel	3
Seismologe	3
Schupfnudel	3
Schrulle	3
Schnupper	3
Schlumpe	3
Schleuder	3
Schindel	3
Schiedsrichter	3
Schieblehre	3
Schauspieler	3
Schacher	3
Sbirre	3
Röste	3
Ruecklage	3
Rudbeckie	3
Renonce	3
Pseudomorphose	3
Probenahme	3
Primel	3
Portage	3
Polster	3
Plaste	3
Pfuetze	3
Pfruende	3
Parataxe	3
Pantolette	3
Pandemie	3
Odaliske	3
Neurobiologe	3
Neuaufnahme	3
Nessel	3
Nagel	3
Lächel	3
Lunger	3
Lithographie	3
Lithografie	3
Leuchtstoffroehre	3
Leier	3
Lager	3
Kurbel	3
Kosovare	3
Konklave	3
Komtesse	3
Kanaille	3
Jade	3
Ironie	3
Invektive	3
Hysterie	3
Hydrolyse	3
Hydrie	3
Hyaluronsäure	3
Humoreske	3
Hummel	3
Huefte	3
Herlitze	3
Hekatombe	3
Hausse	3
Hauptschule	3
Grundel	3
Gouache	3
Gluehlampe	3
Gewitter	3
Gerontologe	3
Geisel	3
Geheimloge	3
Gaze	3
Funkel	3
Foehre	3
Fistel	3
Fachhochschule	3
Etymologie	3
Etiquette	3
Eskapade	3
Epode	3
Entwickel	3
Enter	3
Endokrinologe	3
Emaille	3
Eloge	3
Ekloge	3
Einöde	3
Durchreiche	3
Duerre	3
Doerre	3
Dialyse	3
Cover	3
Christie	3
Chemie	3
Chaussee	3
Buette	3
Buerge	3
Berufsschule	3
Bastille	3
Balletteuse	3
Bagger	3
Ausleihe	3
Ausbeute	3
Apotheose	3
Anse	3
Anrichte	3
Alewite	3
Zwinker	2
Zoologie	2
Zitter	2
Zigeuner	2
Zeter	2
Zerkleiner	2
Zeitnahme	2
Wässer	2
Wider	2
Wichse	2
Weitwinkel	2
Vögel	2
Vorsorge	2
Vesper	2
Veränder	2
Verzauber	2
Vertikale	2
Verhandel	2
Usance	2
Unfriede	2
Töpfer	2
Tunnel	2
Truthenne	2
Trilogie	2
Triefauge	2
Tragoedie	2
Tilde	2
Sudanese	2
Streichel	2
Strampelhose	2
Stolper	2
Stereotypie	2
Spuelmaschine	2
Spionage	2
Sozialhilfe	2
Sottise	2
Sinekure	2
Sichel	2
Sestine	2
Senkrechte	2
Sendbote	2
Sellerie	2
Selbsthilfe	2
Schwitze	2
Schuster	2
Schnorchel	2
Schaukel	2
Sarabande	2
Salzsäure	2
Sabotage	2
Rübsame	2
Räucher	2
Rätsel	2
Riesel	2
Rhapsodie	2
Revanche	2
Renaissance	2
Reiher	2
Ramie	2
Raffinade	2
Radel	2
Quarre	2
Psychodroge	2
Prügel	2
Prärie	2
Poker	2
Poesie	2
Pluderhose	2
Plauder	2
Pilger	2
Pickel	2
Phänomenologe	2
Phlegmone	2
Pflaster	2
Petitesse	2
Peripherie	2
Patience	2
Pastorale	2
Partikel	2
Parkette	2
Pantoffel	2
Ouverture	2
Osteoporose	2
Osmose	2
Nephrologe	2
Neonatologe	2
Natalie	2
Nachnahme	2
Nachhilfe	2
Mythologe	2
Moralie	2
Model	2
Mitsprache	2
Mitnahme	2
Mistel	2
Missernte	2
Metrage	2
Marter	2
Manie	2
Läster	2
Luder	2
Lorgnette	2
Liefer	2
Leukämie	2
Leeseite	2
Laote	2
Langeweile	2
Köder	2
Kuppel	2
Kruecke	2
Krabbel	2
Knobel	2
Knabber	2
Klicker	2
Kicher	2
Kenter	2
Infanterie	2
Ikonostase	2
Idiosynkrasie	2
Hämmer	2
Hypnose	2
Huellkurve	2
Hitsche	2
Herausgabe	2
Hegemonie	2
Hebebuehne	2
Graphologe	2
Gondel	2
Goldparmäne	2
Glätte	2
Glucker	2
Glieder	2
Gerie	2
Gerbsäure	2
Genetalie	2
Gastronomie	2
Futurologe	2
Fussel	2
Flüster	2
Flipper	2
Fieber	2
Fibrose	2
Fiber	2
Festnahme	2
Fessel	2
Fernsehaufnahme	2
Expertie	2
Ethologe	2
Ethie	2
Erweiter	2
Ermitage	2
Erinner	2
Epikrise	2
Entfessel	2
Elektronie	2
Dreigroschenoper	2
Donner	2
Direktrice	2
Diener	2
Dichotomie	2
Destillerie	2
Dengel	2
Dankesrede	2
Choreographie	2
Bürgermeister	2
Bueste	2
Brigantine	2
Bolognese	2
Boller	2
Bleibe	2
Bibliomane	2
Bibliografie	2
Bibel	2
Bezugnahme	2
Bekanntgabe	2
Balkanese	2
Bagage	2
Azalie	2
Ausdauer	2
Attitude	2
Assel	2
Artillerie	2
Arachnologe	2
Aporie	2
Apoptose	2
Annäher	2
Angehoerige	2
Androloge	2
Alkalde	2
Akne	2
Abhilfe	2
Abfolge	2
Überentnahme	1
Ökonomie	1
Äußer	1
Äginete	1
Zügel	1
Zöger	1
Zykadee	1
Zwitscher	1
Zwischenwasser	1
Zwischenspeicher	1
Zwiesprache	1
Zuliefer	1
Zuhilfe	1
Zivilie	1
Zionie	1
Zierde	1
Zertrümmer	1
Zerschmetter	1
Xanthippe	1
Wucher	1
Witzel	1
Wimmer	1
Wieher	1
Wickel	1
Wichtel	1
Wendel	1
Wegnahme	1
Wandel	1
Walkuere	1
Wackel	1
Wachtel	1
Vulgarie	1
Vorwärtsblätter	1
Vorsteuer	1
Vorsprache	1
Vorspiegel	1
Vorschule	1
Vormauer	1
Vorauslage	1
Vorannahme	1
Viertel	1
Verweiger	1
Verwandel	1
Verstümmel	1
Versteiger	1
Versiegel	1
Verschlüssel	1
Verringer	1
Verriegel	1
Vermittel	1
Verlage	1
Verkupfer	1
Verhedder	1
Veranker	1
Vedette	1
Vakzine	1
Unwille	1
Ungnade	1
Unglaube	1
Umzingel	1
Turtel	1
Turksprache	1
Trudel	1
Trophie	1
Tristesse	1
Triennale	1
Topografie	1
Tomografie	1
Tischler	1
Tetralogie	1
Telefonie	1
Taper	1
Taiwanese	1
Tadel	1
Sueße	1
Stöckel	1
Stubsnase	1
Strudel	1
Stoppel	1
Stippvisite	1
Sterke	1
Stempel	1
Steiger	1
Spucke	1
Spitzel	1
Spachtel	1
Softdroge	1
Sklerose	1
Siegel	1
Sexologe	1
Serigraphie	1
Sepharde	1
Senegalese	1
Schwuchtel	1
Schwindel	1
Schummel	1
Schrammel	1
Schnüffel	1
Schmunzel	1
Schmuggel	1
Schmetter	1
Schluessel	1
Schluder	1
Schlabber	1
Schizophrenie	1
Schindmähre	1
Schimmel	1
Sattel	1
Sabbel	1
Rüttel	1
Rüpel	1
Rücksprache	1
Rückscheibe	1
Rückklappe	1
Rückfahrkarte	1
Röntgenologe	1
Rätoromane	1
Räder	1
Runzel	1
Runkelruebe	1
Rueckleuchte	1
Rosinante	1
Romanie	1
Roetel	1
Roete	1
Roeste	1
Rodel	1
Revue	1
Revenue	1
Restfeuchte	1
Reicher	1
Raster	1
Rassel	1
Ranküne	1
Raffinesse	1
Radikalie	1
Quantie	1
Quaddel	1
Pädagogie	1
Pustel	1
Puder	1
Psychotherapie	1
Psychiatrie	1
Prünelle	1
Prähistorie	1
Prophetie	1
Projektorie	1
Probeentnahme	1
Prickel	1
Power	1
Portiere	1
Polymerase	1
Polter	1
Politie	1
Polie	1
Plünder	1
Piraterie	1
Pinsel	1
Pinkel	1
Piaffe	1
Physiognomie	1
Philharmonie	1
Phantasmagorie	1
Peruecke	1
Persiflage	1
Periphrase	1
Pegel	1
Patronage	1
Parfuemerie	1
Parese	1
Parenthese	1
Paratie	1
Parasitologe	1
Pachulke	1
Ozelle	1
Oxalsäure	1
Osteologe	1
Originalie	1
Orangeade	1
Operie	1
Ontologe	1
Oligarchie	1
Nässe	1
Nymphie	1
Nordmannstanne	1
Niesel	1
Nepalese	1
Negatorie	1
Nebenlage	1
Nebel	1
Naturialie	1
Nachdiesel	1
Nachbastel	1
Nachaufnahme	1
Mümmel	1
Möbel	1
Mäkel	1
Mystie	1
Musicalie	1
Monopolie	1
Monomanie	1
Mohrruebe	1
Mitsegel	1
Mitose	1
Mitfeier	1
Mitangel	1
Mispel	1
Milder	1
Metzger	1
Methodologie	1
Menage	1
Mauser	1
Matrikel	1
Malaise	1
Majonäse	1
Mager	1
Madrilene	1
Löffel	1
Löcher	1
Locker	1
Limnologe	1
Lauer	1
Laktose	1
Laber	1
Kümmer	1
Kuschel	1
Kuller	1
Krümel	1
Kritie	1
Kreage	1
Korrektorie	1
Konversatorie	1
Konfituere	1
Koffer	1
Knüppel	1
Knuddel	1
Knebel	1
Knatter	1
Klöppel	1
Klimper	1
Kleptomane	1
Klausel	1
Klassie	1
Keltologe	1
Kavalkade	1
Karambolage	1
Kanonade	1
Kamikaze	1
Jubel	1
Jodel	1
Jeremiade	1
Jammer	1
Ionie	1
Institutie	1
Insektologe	1
Inobhutnahme	1
Indologe	1
Inbetriebnahme	1
Inaktivie	1
Igel	1
Ichthyologe	1
Hödie	1
Hänsel	1
Hämodialyse	1
Häkel	1
Hypermoder	1
Hyperbel	1
Hundehuette	1
Hoppel	1
Historiographie	1
Hinterräder	1
Hingabe	1
Hineinschnupper	1
Herunterleier	1
Herausforder	1
Hechel	1
Harlekinade	1
Handwerker	1
Hakel	1
Hagel	1
Gründel	1
Grusel	1
Gourmandise	1
Glitzer	1
Gipfel	1
Ghanese	1
Geometrie	1
Geographie	1
Gemuese	1
Gelatine	1
Geiselnahme	1
Gavotte	1
Garderobiere	1
Fütter	1
Fürsprache	1
Fächer	1
Frottage	1
Fronde	1
Fritüre	1
Frankie	1
Fotographie	1
Forder	1
Flatter	1
Filmografie	1
Fasel	1
Fasanerie	1
Fabel	1
Exenter	1
Exekutive	1
Exegese	1
Etuede	1
Erneuer	1
Epistel	1
Epidemiologe	1
Entwicklungshilfe	1
Entschlüssel	1
Entropie	1
Entlage	1
Emphase	1
Einwander	1
Einsteiger	1
Einlager	1
Einkoppel	1
Einklammer	1
Einflüster	1
Einannahme	1
Ehrenloge	1
Dystrophie	1
Dystonie	1
Durchwander	1
Durchstöber	1
Durchblätter	1
Drossel	1
Dreingabe	1
Dramaturgie	1
Drache	1
Dompteuse	1
Diplomatie	1
Dezimale	1
Dendrologe	1
Demontage	1
Deckel	1
Daguerreotypie	1
Dackel	1
Concierge	1
Chronologie	1
Charter	1
Cellulite	1
Bürokratie	1
Bunker	1
Bummel	1
Buller	1
Bruehe	1
Borreliose	1
Blubber	1
Blinker	1
Biopsie	1
Biologie	1
Bimmel	1
Bewunder	1
Bettel	1
Berlinale	1
Bemutter	1
Bembel	1
Behinder	1
Behandel	1
Begeister	1
Becher	1
Bastonade	1
Barkarole	1
Bakteriie	1
Babbel	1
Auswechsel	1
Auswander	1
Aussteuer	1
Auskuppel	1
Ausfeder	1
Ausbesser	1
Aurikel	1
Aufsammel	1
Asymmetrie	1
Assyriologe	1
Ascorbinsäure	1
Arthroskopie	1
Arteriosklerose	1
Ariette	1
Arbitrage	1
Aragonese	1
Apologie	1
Apnoe	1
Aphasie	1
Antipathie	1
Anthropophage	1
Anteilnahme	1
Anrempel	1
Anlächel	1
Anlager	1
Anheuer	1
Anflüster	1
Anatole	1
Analie	1
Amsel	1
Amnestie	1
Ambe	1
Aktivie	1
Adel	1
Achsel	1
Abwickel	1
Absteige	1
Absage	1
Ablöse	1
Abfeuer	1
Abfackel	1
