Gast	1498
Maus	1339
Stadt	1230
Gans	798
Frucht	604
Kraft	600
Fachkraft	319
Hut	314
Stand	303
Laus	284
Hand	281
Verband	215
Span	208
Rat	198
Spruch	193
Streitkraft	170
Anhang	159
Zahn	142
Aushang	121
Umhang	116
Baum	116
Bezug	95
Wunsch	94
Hof	93
Pass	88
Macht	86
Ball	85
Saft	76
Stuhl	73
Fuß	72
Traum	70
Einkunft	68
Hausarzt	67
Ton	61
Magd	60
Koch	59
Bestand	59
Beschlag	58
Luft	51
Frosch	50
Kuh	49
Gang	49
Anfang	49
Wolf	48
Nuss	48
Abhang	48
Schluss	47
Markt	47
Platz	46
Kopf	46
Knopf	46
Beitrag	46
Stamm	44
Flug	44
Fuchs	39
Wand	38
Satz	37
Haut	37
Grund	36
Topf	35
Korb	35
Bank	35
Turm	34
Empfang	34
Schatz	33
Fluss	33
Zug	31
Vorhang	31
Brust	31
Arbeitsplatz	31
Stock	30
Sack	30
Pflug	28
Plan	27
Duft	27
Rank	26
Zunft	25
Busch	24
Bund	24
Braut	24
Schwan	23
Sang	23
Anwalt	23
Raum	22
Hahn	22
Nacht	21
Vorschlag	20
Sohn	20
Gegenstand	20
Vorstand	19
Vorgang	19
Schlag	19
Rang	19
Mops	19
Druck	19
Staub	18
Stab	18
Fall	18
Landrat	17
Block	17
Band	17
Vorrat	16
Strumpf	16
Faust	16
Bock	16
Beirat	16
Schlumpf	15
Gruß	15
Zaun	14
Wurst	14
Schlauch	14
Kampf	14
Verkauf	13
Tanz	13
Krug	13
Kanal	13
Rock	12
Kranz	12
Klotz	12
Floh	12
Draht	12
Sau	11
Rechtsanwalt	11
Papst	11
Kunst	11
Klang	11
Fahrgast	11
Sturm	10
Storch	10
Lohn	10
Kuss	10
Geruch	10
Dampf	10
Damm	10
Bruch	10
Bass	10
Balg	10
Wurf	9
Vogt	9
Schwamm	9
Pott	9
Lauf	9
Kloß	9
Bug	9
Bach	9
Umstand	8
Staatsanwalt	8
Fluch	8
Eintrag	8
Bart	8
Vertrag	7
Spaß	7
Schuss	7
Schrank	7
Chor	7
Antrag	7
Wall	6
Schopf	6
Not	6
Krampf	6
Kamm	6
Hauptstadt	6
Gebrauch	6
Belag	6
Schwanz	5
Schacht	5
Palast	5
Grundsatz	5
Großstadt	5
Entwurf	5
Eindruck	5
Brand	5
Ausflug	5
Aufsatz	5
Zusammenhang	4
Zopf	4
Unterkunft	4
Strauß	4
Schwarm	4
Schnur	4
Schleimhaut	4
Schank	4
Sarg	4
Sal	4
Naht	4
Maßstab	4
Lust	4
Hals	4
Einsatz	4
Brauch	4
Auftrag	4
Anspruch	4
Ansatz	4
Zustand	3
Zusatz	3
Vortrag	3
Umsatz	3
Sturz	3
Stoß	3
Stall	3
Sprung	3
Spaziergang	3
Schlamm	3
Rückstand	3
Propst	3
Kran	3
Kleinstadt	3
Jahrgang	3
Gruft	3
Gesang	3
Floß	3
Ertrag	3
Eingang	3
Auskunft	3
Aufzug	3
Anschluss	3
Absatz	3
Widerstand	2
Werwolf	2
Vorwurf	2
Verschluss	2
Verbund	2
Unfall	2
Tropf	2
Tenor	2
Studienrat	2
Studienplatz	2
Strom	2
Spielraum	2
Sitzplatz	2
Schaum	2
Rücklauf	2
Rucksack	2
Rausch	2
Pfeffersack	2
Pfahl	2
Notstand	2
Missstand	2
Kreislauf	2
Kahn	2
Hintergrund	2
Harm	2
Glückwunsch	2
Einwand	2
Einband	2
Eifersucht	2
Darm	2
Betrag	2
Beschluss	2
Bauch	2
Bahnhof	2
Auszug	2
Ausschlag	2
Ausgang	2
Ausflucht	2
Aufstand	2
Anschlag	2
Abschluss	2
Abschaum	2
Abgrund	2
Abfall	2
Überhang	1
Übergang	1
Zwischenstand	1
Zwang	1
Zuschuss	1
Zuschlag	1
Zugang	1
Zufluss	1
Zoll	1
Widerspruch	1
Walnuss	1
Vorsatz	1
Verstoß	1
Umschlag	1
Umgang	1
Umfang	1
Umbruch	1
Trog	1
Supermarkt	1
Sumpf	1
Sucht	1
Studiengang	1
Strang	1
Stahl	1
Stadtplan	1
Schwur	1
Schwank	1
Schub	1
Schorf	1
Schnaps	1
Rückflug	1
Rückfall	1
Notfall	1
Napf	1
Nahkampf	1
Nachtrag	1
Nachschlag	1
Missbrauch	1
Marschall	1
Latz	1
Langlauf	1
Kühlschrank	1
Kropf	1
Knast	1
Kluft	1
Kirchenrat	1
Kauz	1
Hub	1
Guss	1
Großmarkt	1
Gestank	1
Genuss	1
Geldbetrag	1
Geheimbund	1
Gegensatz	1
Gaul	1
Frischluft	1
Friedhof	1
Fledermaus	1
Feldzug	1
Erdnuss	1
Entschluss	1
Einfall	1
Einbruch	1
Dunst	1
Christbaum	1
Choral	1
Bischof	1
Bauplatz	1
Auswuchs	1
Auslauf	1
Aufschluss	1
Anflug	1
Altbestand	1
Abstand	1
Abluft	1
Ablauf	1
Abgang	1
Abdruck	1
