Mann	1057
Buch	712
Kraut	618
Gott	616
Huhn	614
Land	590
Volk	439
Haus	422
Gut	343
Wort	296
Korn	259
Bad	237
Blatt	222
Band	222
Rad	196
Kalb	173
Glas	167
Grab	166
Gras	147
Wurm	124
Lamm	123
Horn	117
Wald	100
Schloss	99
Gehalt	71
Dorf	69
Tuch	67
Fass	66
Dach	57
Strauch	49
Loch	46
Tal	36
Kulturgut	36
Denkmal	36
Sprichwort	32
Pfand	28
Rand	27
Holz	26
Hochhaus	26
Gewand	23
Zahnrad	22
Weihnachtsmann	22
Fahrrad	19
Massengut	17
Altertum	17
Rebhuhn	12
Gemeingut	12
Stichwort	11
Schlagwort	10
Unkraut	9
Passwort	9
Mund	9
Spital	8
Schließfach	8
Sachbuch	8
Motorrad	8
Lehrbuch	8
Tagebuch	7
Schlagloch	6
Ross	6
Krankenhaus	6
Geschmack	6
Schlüsselwort	5
Regenwald	5
Irrtum	5
Handbuch	5
Besitztum	5
Haupt	4
Finanzamt	4
Balg	4
Vorland	3
Truthuhn	3
Schlupfloch	3
Obmann	3
Nashorn	3
Möbelhaus	3
Kennwort	3
Gemach	3
Einhorn	3
Vormund	2
Stückgut	2
Postfach	2
Kaufhaus	2
Hauptmann	2
Gefach	2
Förderband	2
Dreirad	2
Drehbuch	2
Zweirad	1
Weistum	1
Vorblatt	1
Treibhaus	1
Tonband	1
Standesamt	1
Sozialamt	1
Maul	1
Lehramt	1
Heiligtum	1
Hampelmann	1
Gefolgsmann	1
Fließband	1
Flachmann	1
Fachmann	1
Erbgut	1
Beiwort	1
Arbeitsamt	1
Abgott	1
