Mensch	1313
Frau	1262
Zahl	840
Pirat	776
Bär	771
Stern	755
Held	752
Student	751
Nachricht	722
Tourist	717
Alp	678
Bank	636
Person	621
Senior	607
Schuld	576
Patient	570
Soldat	569
Planet	569
Elefant	562
Herr	560
Autor	557
Strahl	553
Figur	544
Partei	536
Welt	523
Uhr	502
Insekt	497
Dämon	493
Gebühr	488
Instrument	487
Nerv	468
Automat	460
Ohr	454
Journalist	445
Medikament	442
Box	434
Narr	433
Million	432
Motor	423
Satellit	422
Sponsor	420
Tour	414
Hausfrau	414
Agent	412
Form	400
Fürst	390
Präsident	389
Quant	382
Christ	370
Zeitschrift	363
Idiot	363
Generation	357
Pilot	355
Dokument	341
Gefahr	338
Rebell	336
Investor	332
Konsument	331
Bett	326
Zeit	320
Depp	318
Moderator	312
Tracht	311
Professor	309
Terrorist	308
Jurist	306
Kandidat	305
Einheit	305
Norm	304
Architekt	298
Prinz	297
Produzent	296
Storch	294
Elektron	291
Minderheit	280
Art	280
Migrant	268
Ahn	266
Papagei	260
Staat	258
Favorit	258
Bürokrat	254
Exot	252
Schlacht	251
Polizist	249
Paragraph	246
Schrift	243
Elb	241
Philosoph	239
Prolet	237
Spur	234
Diplomat	234
Kommunist	232
Fahrt	231
Fotograf	228
Ion	222
Barbar	219
Komet	218
Praktikant	216
Burg	212
Lieferant	208
Spatz	207
Photon	207
Juwel	207
Veteran	203
Partisan	203
Jesuit	203
Schicht	202
Jungfrau	202
Lobbyist	198
Spezialist	195
Kapitalist	193
Komponist	189
Dorn	188
Therapeut	184
Parasit	182
Klient	182
Literat	181
Hypothek	177
Nation	175
Last	175
Süßigkeit	174
Geburt	174
Dozent	174
Dirigent	174
Prophet	172
Leopard	172
Musikant	171
Frisur	171
Zitat	168
Unterschrift	168
Skulptur	168
Athlet	168
Sektor	167
Primat	167
Gezeit	166
Hahn	163
Bandit	163
Astronaut	160
Neutron	155
Typ	154
Sensor	154
Poet	154
Chaot	154
Armatur	154
Zutat	153
Junior	153
Gigant	153
Zar	151
Prototyp	150
Graf	150
Greis	149
Emigrant	148
Artist	148
Strauß	146
Mandant	146
Kosak	146
Herz	146
Institution	145
Proton	142
Etikett	141
Bahn	141
Pastor	139
Kakerlak	138
Vorschrift	136
Kommentator	136
Referent	135
Interessent	134
Aktivität	134
Neuheit	133
Gladiator	133
Diät	132
Handschrift	131
Requisit	130
Region	130
Husar	129
Diktator	129
Nationalität	128
Titan	127
Mohr	125
Tyrann	124
Spezialität	124
Gnom	124
Chromosom	123
Pfau	122
Faschist	122
Spekulant	121
Rekrut	121
Hemd	121
Fähigkeit	121
Miniatur	120
Traktor	119
Solist	117
Ministrant	117
Asteroid	117
Schlucht	116
Kommandant	116
Katholik	116
Pflicht	114
Konfirmand	110
Intendant	109
Zeh	108
Priorität	108
Indikator	107
Immigrant	107
Elephant	107
Abonnent	107
Kolonist	106
Klausur	106
Frist	106
Faktor	106
Datei	106
Aktivist	106
Absolvent	106
Atheist	105
Reservist	104
Kadett	104
Kontur	103
Asylant	103
Schelm	102
Schott	101
Rarität	101
Mutant	101
Meteorit	101
Kreatur	101
Instanz	101
Antiquität	101
Analyst	101
Altlast	101
Zins	100
Islamist	100
Dissident	100
Assistent	100
Überschrift	99
Untertan	99
Vasall	98
Rezipient	97
Rezensent	97
Passant	97
Signatur	96
Regent	96
Telegraph	94
Psalm	94
Kamerad	94
Chirurg	93
Paragraf	92
Interpret	92
Anarchist	92
Tat	91
Mentor	91
Isotop	91
Funktion	91
Front	91
Zensur	90
Proband	90
Kultur	90
Fink	90
Doktorand	89
Sozialist	88
Inschrift	88
Illuminat	88
Aristokrat	87
Alchemist	87
Abiturient	87
Mahlzeit	86
Projektor	85
Advokat	85
Diskothek	84
Option	83
Bibliothek	83
Extremist	82
Senator	81
Mast	81
Demokrat	81
Pianist	80
Patriarch	80
Organist	80
Gradient	80
Direktor	80
Statist	79
Separatist	79
Patriot	79
Monarch	79
Antwort	79
Zivilist	78
Tutor	78
Rubrik	78
Kondition	78
Jeck	78
Bub	78
Rassist	77
Pazifist	77
Korrespondent	77
Eremit	77
Psychopath	76
Gitarrist	76
Despot	76
Videothek	75
Glut	75
Denunziant	75
Textur	74
Telegraf	74
Produkt	74
Information	74
Station	73
Satanist	72
Lektor	72
Doktor	72
Dilettant	72
Feminist	71
Dukat	71
Juror	70
Extremität	70
Zionist	69
Sicherheit	69
Oligarch	69
Kurator	69
Datenbank	69
Leukozyt	67
Kompetenz	67
Kastrat	67
Eigenschaft	67
Billion	67
Zyklop	66
Polyp	66
Multiplikator	66
Humanist	66
Alm	66
Hydrant	65
Hussit	65
Geiß	65
Asket	65
Alchimist	65
Vorfahr	64
Demonstrant	64
Star	63
Nudist	63
Nachtigall	63
Kuriosität	63
Innerei	63
Gracht	63
Generator	63
Transvestit	62
Fabrikant	62
Adressat	62
Administrator	62
Lausbub	61
Gesell	61
Florist	61
Thrombozyt	60
Notiz	60
Bütt	60
Bucht	60
Vektor	59
Stereotyp	59
Schmerz	59
Kosmonaut	59
Komödiant	59
Bö	59
Stipendiat	58
Quadrant	58
Gymnasiast	58
Gardist	58
Vagabund	57
Technokrat	57
Germanist	57
Chronist	57
Anschrift	57
Sudet	56
Rezeptor	56
Protestant	56
Exorzist	56
Baptist	56
Ansicht	56
Statut	55
Sportart	55
Photograph	55
Minorität	55
Emotion	55
Saat	54
Rektor	54
Protagonist	54
Pensionist	54
Nut	54
Lakai	54
Karikatur	54
Gewalt	54
Cäsar	54
Zentaur	53
Trabant	53
Rotor	53
Mediator	53
Konkurrent	53
Werft	52
Ministerpräsident	52
Hanseat	52
Evangelist	52
Ökonom	51
Transformator	51
Querulant	51
Protektor	51
Neuigkeit	51
Struktur	50
Kronprinz	50
Konditor	50
Kanak	50
Disziplin	50
Bassist	50
Informant	49
Galerist	49
Cineast	49
Adept	49
Prozessor	48
Gebuehr	48
Egoist	48
Ventilator	47
Uniform	47
Sympathisant	47
Symbiont	47
Lymphozyt	47
Individualist	47
Fundamentalist	47
Eunuch	47
Antagonist	46
Positron	45
Optimist	45
Liegenschaft	45
Fabrik	45
Editor	45
Transistor	44
Mehrheit	44
Kondensator	44
Kompressor	44
Fracht	44
Dimension	44
Auditor	44
Lemur	43
Kation	43
Kapazität	43
Intrigant	43
Detektor	43
Alligator	43
Sakrament	42
Sadist	41
Maschinist	41
Instruktor	41
Illustrator	41
Autist	41
Prälat	40
Mittelschicht	40
Miliz	40
Lizenz	40
Kalif	40
Kabarettist	40
Janitschar	40
Finalist	40
Dramaturg	40
Referenz	39
Populist	39
Obelisk	39
Konvertit	39
Finanz	39
Ammonit	39
Akrobat	39
Trilobit	38
Repräsentant	38
Möglichkeit	38
Lektion	38
Emittent	38
Basilisk	38
Astronom	38
Aktion	38
Temperatur	37
Novität	37
Kreditor	37
Krankheit	37
Gutschrift	37
Flut	37
Äon	36
Restaurator	36
Nationalist	36
Minimalist	36
Kreationist	36
Identität	36
Fakultät	36
Diakon	36
Buddhist	36
Vagant	35
Terz	35
Schalmei	35
Psychotherapeut	35
Militarist	35
Marsch	35
Kolumnist	35
Klinik	35
Gestalt	35
Gendarm	35
Fraktion	35
Differenz	35
Reflektor	34
Rast	34
Prozedur	34
Position	34
Pessimist	34
Inserent	34
Hostess	34
Debütant	34
Agentur	34
Replikator	33
Purist	33
Operator	33
Marxist	33
Kantor	33
Inspektor	33
Dendrit	33
Archetyp	33
Päderast	32
Putschist	32
Katechet	32
Katalysator	32
Gastronom	32
Analphabet	32
Aliment	32
Vision	31
Verb	31
Realität	31
Qual	31
Fuerst	31
Frequenz	31
Alpinist	31
Version	30
Varietät	30
Reform	30
Optimat	30
Bolschewist	30
Sequenz	29
Seminarist	29
Schiebetür	29
Quotient	29
Obligation	29
Augur	29
Variation	28
Triathlet	28
Revisionist	28
Renegat	28
Pietist	28
Organisator	28
Opportunist	28
Monolith	28
Mennonit	28
Membran	28
Majestät	28
Konsequenz	28
Kollektor	28
Initiator	28
Ignorant	28
Brillant	28
Resident	27
Relation	27
Laborant	27
Fachschaft	27
Dezernent	27
Dentist	27
Zensor	26
Trappist	26
Statistik	26
Sanktion	26
Pfarrei	26
Mission	26
Koordinator	26
Internist	26
Idealist	26
Freizeit	26
Botschaft	26
Arbeit	26
Anthroposoph	26
Akkumulator	26
Telepath	25
Tastatur	25
Reformator	25
Präfekt	25
Moritat	25
Monopolist	25
Maoist	25
Kriminalist	25
Koeffizient	25
Kentaur	25
Isolator	25
Imperialist	25
Imperator	25
Enthusiast	25
Aktualität	25
Ulan	24
Traditionalist	24
Publizist	24
Portion	24
Kopist	24
Injektor	24
Homöopath	24
Exponent	24
Diplomand	24
Beiz	24
Autorität	24
Autobahn	24
Simulator	23
Qualität	23
Plattform	23
Organisation	23
Masochist	23
Kur	23
Kulak	23
Kontrahent	23
Humorist	23
Hobbyist	23
Generalist	23
Exhibitionist	23
Entität	23
Emulator	23
Wahl	22
Stewardess	22
Scholar	22
Schar	22
Revanchist	22
Religion	22
Radiator	22
Pulp	22
Präferenz	22
Philatelist	22
Naturist	22
Mitmensch	22
Kritik	22
Graviton	22
Flüssigkeit	22
Fachidiot	22
Distributor	22
Zentralbank	21
Yacht	21
Substanz	21
Schiit	21
Schau	21
Moralist	21
Monarchist	21
Mannschaft	21
Linguist	21
Lesart	21
Korrektur	21
Karnevalist	21
Hedonist	21
Geograph	21
Filialist	21
Exponat	21
Deskriptor	21
Bolschewik	21
Aszendent	21
Aspirant	21
Apostroph	21
Adduktor	21
Ästhet	20
Zelot	20
Trotzkist	20
Surrealist	20
Reaktor	20
Pension	20
Oszillator	20
Misanthrop	20
Mechanist	20
Magnat	20
Geront	20
Disponent	20
Choreograf	20
Universität	19
Tradition	19
Stalagmit	19
Simulant	19
Sexist	19
Separator	19
Sentenz	19
Pharmazeut	19
Methodist	19
Magyar	19
Konferenz	19
Feuilletonist	19
Essenz	19
Drogist	19
Domestik	19
Derivat	19
Delinquent	19
Chauvinist	19
Bilanz	19
Bark	19
Annuität	19
Aktor	19
Spiritist	18
Sextant	18
Residenz	18
Projekt	18
Prinzregent	18
Potentat	18
Perfektionist	18
Muselman	18
Migrat	18
Indikation	18
Foliant	18
Fissur	18
Faktur	18
Cellist	18
Artillerist	18
Arrestant	18
Adventist	18
Adjutant	18
Superintendent	17
Stylist	17
Sophist	17
Situation	17
Reaktion	17
Prädikant	17
Provinz	17
Partitur	17
Okkultist	17
Oberst	17
Kleinigkeit	17
Karrierist	17
Inquisitor	17
Helot	17
Grafik	17
Formalität	17
Dynast	17
Brigant	17
Brauerei	17
Versicherung	16
Terminator	16
Semit	16
Seilschaft	16
Schwerion	16
Rekonvaleszent	16
Proportion	16
Korrektor	16
Konfirmant	16
Karikaturist	16
Invasor	16
Instrumentalist	16
Illusionist	16
Geodät	16
Flagellant	16
Exulant	16
Existentialist	16
Distanz	16
Chronik	16
Assessor	16
Archont	16
Allianz	16
Zapatist	15
Tribun	15
Technik	15
Substituent	15
Stalinist	15
Resistenz	15
Replik	15
Protz	15
Protuberanz	15
Obrist	15
Manier	15
Leckerei	15
Koloratur	15
Karmelit	15
Existenzialist	15
Donator	15
Client	15
Zeitung	14
Vormensch	14
Supervisor	14
Stabilisator	14
Sicht	14
Sektion	14
Realist	14
Plutokrat	14
Legion	14
Kinematograph	14
Inspizient	14
Initiat	14
Infanterist	14
Grossist	14
Gratulant	14
Garnitur	14
Gamet	14
Fetischist	14
Festivität	14
Expressionist	14
Demoskop	14
Argonaut	14
Alarmist	14
Absenz	14
Vakanz	13
Uigur	13
Sunnit	13
Singularität	13
Rezeptur	13
Rezension	13
Redemptorist	13
Redaktor	13
Posaunist	13
Operation	13
Modernist	13
Mentalität	13
Lagerist	13
Glasur	13
Genotyp	13
Geck	13
Fachfrau	13
Expedient	13
Diktatur	13
Choreograph	13
Affekt	13
Vorwahl	12
Tätigkeit	12
Trillion	12
Subvention	12
Seismograph	12
Rah	12
Präsentation	12
Präposition	12
Prokurist	12
Prokurator	12
Partition	12
Modist	12
Modalität	12
Mensur	12
Ligatur	12
Leistung	12
Leichtathlet	12
Kombattant	12
Kollegiat	12
Israelit	12
Insurgent	12
Innovation	12
Impressionist	12
Gesellschaft	12
Emission	12
Doktrin	12
Dissonanz	12
Buerokrat	12
Ausfahrt	12
Vibrator	11
Sueßigkeit	11
Straßenbahn	11
Sergeant	11
Sekundant	11
Revisor	11
Resonanz	11
Reparatur	11
Präparat	11
Pedant	11
Navigator	11
Nachzucht	11
Lithograph	11
Konvention	11
Illusion	11
Hornist	11
Farm	11
Exeget	11
Erfahrung	11
Beziehung	11
Autokrat	11
Transaktion	10
Tinktur	10
Schwierigkeit	10
Regulator	10
Publikation	10
Propagandist	10
Professur	10
Nihilist	10
Mixtur	10
Materialist	10
Landschaft	10
Investition	10
Inkubator	10
Imitator	10
Hospitant	10
Futurist	10
Evolvent	10
Eisenbahn	10
Einstellung	10
Diskutant	10
Dekabrist	10
Definition	10
Castor	10
Banalität	10
Aufsicht	10
Applikation	10
Animist	10
Weisheit	9
Wahhabit	9
Triton	9
Trafikant	9
Selektor	9
Saxophonist	9
Royalist	9
Romanist	9
Ration	9
Radiant	9
Quadrat	9
Präparator	9
Prädiktor	9
Proselyt	9
Profession	9
Probant	9
Predigt	9
Phantast	9
Pfalz	9
Parodist	9
Nonkonformist	9
Melodram	9
Mediathek	9
Länderei	9
Lokalität	9
Kyklop	9
Konsulent	9
Konstitution	9
Kandidatur	9
Gruft	9
Furt	9
Flötist	9
Eurokrat	9
Drehzahl	9
Divident	9
Dissertation	9
Demiurg	9
Bacchant	9
Autodidakt	9
Ausstellung	9
Auktion	9
Attraktion	9
Arznei	9
Anglist	9
Alkali	9
Alevit	9
Aggressor	9
Übung	8
Zuschrift	8
Vollmacht	8
Utopist	8
Stressor	8
Spezerei	8
Spartakist	8
Slawist	8
Reformist	8
Promovend	8
Plagiator	8
Persönlichkeit	8
Ortschaft	8
Orientalist	8
Missgeburt	8
Metropolit	8
Metrik	8
Megalith	8
Lorbeer	8
Liquidator	8
Lehrbub	8
Köstlichkeit	8
Konservator	8
Konrektor	8
Klarinettist	8
Kartograph	8
Kapitulant	8
Inhibitor	8
Immigrat	8
Hermaphrodit	8
Hatz	8
Garant	8
Calvinist	8
Broschur	8
Behandlung	8
Automobilist	8
Assoziation	8
Apostat	8
Apokryph	8
Anatom	8
Übersicht	7
Werkstaett	7
Wahrheit	7
Unmensch	7
Tendenz	7
Stirn	7
Stator	7
Schonzeit	7
Sandinist	7
Rotator	7
Ritualist	7
Remittent	7
Regierung	7
Referat	7
Rechnung	7
Prim	7
Polarität	7
Petent	7
Observant	7
Mutat	7
Meisterschaft	7
Manufaktur	7
Majorität	7
Kopilot	7
Konstellation	7
Konfident	7
Konfession	7
Kompensator	7
Kommission	7
Kombination	7
Jacht	7
Intensität	7
Insolvenz	7
Infant	7
Impression	7
Heiduck	7
Handlung	7
Gravur	7
Gewerkschaft	7
Formation	7
Forderung	7
Fock	7
Figurant	7
Erinnerung	7
Ergotherapeut	7
Elevator	7
Edition	7
Duellant	7
Diskussion	7
Defibrillator	7
Cartoonist	7
Bedingung	7
Avantgardist	7
Anstalt	7
Andacht	7
Aktionist	7
Akelei	7
Abart	7
Wiedergeburt	6
Vorstellung	6
Untat	6
Turbulenz	6
Toleranz	6
Tempomat	6
Telefonist	6
Tabulatur	6
Tabulator	6
Substitut	6
Spekulat	6
Rüstung	6
Rezitator	6
Reagent	6
Plastik	6
Phänotyp	6
Partizipant	6
Parität	6
Papist	6
Natur	6
Mechanik	6
Maronit	6
Lehnsherr	6
Lasur	6
Koordinant	6
Kooperation	6
Komposit	6
Kommödiant	6
Kommunikator	6
Kollektion	6
Kalligraph	6
Jugend	6
Innovator	6
Initiant	6
Habilitand	6
Gottheit	6
Gelegenheit	6
Geist	6
Gegend	6
Föderat	6
Funktionalität	6
Fraktur	6
Feuerwehr	6
Famulant	6
Experimentator	6
Evaluator	6
Etatist	6
Emulgator	6
Depression	6
Dadaist	6
Chorist	6
Brut	6
Bratschist	6
Bankomat	6
Auktionator	6
Anästhesist	6
Animation	6
Anachoret	6
Altruist	6
Agitator	6
Abkürzung	6
Zäsur	5
Zivilisation	5
Xerophyt	5
Wirkung	5
Valor	5
Usurpator	5
Umwelt	5
Triumphator	5
Traktorist	5
Taoist	5
Subskribent	5
Spannung	5
Sodomit	5
Sitzung	5
Scholarch	5
Rundtour	5
Rotgardist	5
Repetent	5
Rationalist	5
Präzeptor	5
Prätendent	5
Praktik	5
Potenz	5
Permanenz	5
Opponent	5
Obskurität	5
Oboist	5
Nudität	5
Nationalsozialist	5
Metallurg	5
Laureat	5
Laufbahn	5
Laudator	5
Korrepetitor	5
Koproduzent	5
Konvektor	5
Kontaminant	5
Konstruktor	5
Konstruktion	5
Konkurent	5
Konkordanz	5
Kommanditist	5
Kolonisator	5
Koalition	5
Kavallerist	5
Kausalität	5
Kalvinist	5
Kalamität	5
Kadenz	5
Interpretant	5
Instruktion	5
Infiltrator	5
Immunität	5
Illustration	5
Gründerzeit	5
Geomant	5
Gemeinschaft	5
Formalist	5
Foederat	5
Eventualität	5
Essayist	5
Energie	5
Dompfaff	5
Dispositor	5
Disparität	5
Dienstleistung	5
Delegat	5
Defätist	5
Chemikant	5
Chartist	5
Besonderheit	5
Bastion	5
Barograph	5
Aufschrift	5
Attraktor	5
Applikator	5
Apologet	5
Altarist	5
Akzeptant	5
Akademist	5
Aggregator	5
Aeronaut	5
Adressant	5
Achterbahn	5
Abduktor	5
Wehr	4
Wahrscheinlichkeit	4
Votant	4
Voraussetzung	4
Variat	4
Tugend	4
Trivialität	4
Tomograph	4
Thomist	4
Theosoph	4
Taktik	4
Sämerei	4
Sykophant	4
Sutur	4
Spiritualist	4
Simulation	4
Sicherung	4
Rüstzeit	4
Rotarmist	4
Rivalität	4
Richtung	4
Resultant	4
Resonator	4
Republik	4
Repräsentanz	4
Rationalität	4
Qualifikation	4
Präsentator	4
Provenienz	4
Promotion	4
Professionist	4
Produktion	4
Posteriorität	4
Philanthrop	4
Peronist	4
Partnerschaft	4
Obrigkeit	4
Novellist	4
Negationist	4
Nebenwirkung	4
Mutation	4
Motorist	4
Motivator	4
Mitfahrt	4
Milz	4
Litanei	4
Lebenszeit	4
Laizist	4
Kölsch	4
Kosmopolit	4
Konkurrenz	4
Komplikation	4
Koeffizent	4
Kinematograf	4
Kartograf	4
Kanzlei	4
Kanonist	4
Kandidant	4
Kabbalist	4
Intention	4
Integrator	4
Infektion	4
Hochzeit	4
Hierarch	4
Heliostat	4
Heirat	4
Havarist	4
Halluzination	4
Geschwindigkeit	4
Geograf	4
Gemeinheit	4
Freundschaft	4
Fiktion	4
Feinheit	4
Externalität	4
Expedition	4
Elektor	4
Duellist	4
Diversant	4
Direktion	4
Dichtung	4
Determinat	4
Deszendent	4
Destruent	4
Destination	4
Delegation	4
Christdemokrat	4
Bäckerei	4
Bikomponent	4
Bekanntschaft	4
Auszeit	4
Auswahl	4
Assonanz	4
Anzahl	4
Anmerkung	4
Allmend	4
Alawit	4
Agronom	4
Aggregat	4
Adorant	4
Abteilung	4
Wohnung	3
Vorlesung	3
Vorarbeit	3
Violinist	3
Varianz	3
Unionist	3
Transparent	3
Totalisator	3
Thyristor	3
Theokrat	3
Theist	3
Telegrafist	3
Tageszeitung	3
Synergist	3
Syndikalist	3
Symbolist	3
Summand	3
Starost	3
Spekulation	3
Skribent	3
Sezessionist	3
Sexualität	3
Sendung	3
Seltenheit	3
Schwingung	3
Schweinerei	3
Schwadron	3
Rezept	3
Repetitor	3
Reminiszenz	3
Registrator	3
Redaktion	3
Präfektur	3
Proponent	3
Prior	3
Primiziant	3
Population	3
Politur	3
Politik	3
Polist	3
Patenschaft	3
Obszönität	3
Notation	3
Munition	3
Morphinist	3
Monstrosität	3
Monstranz	3
Monotheist	3
Monetarist	3
Modifikation	3
Moderation	3
Moderat	3
Meinung	3
Manierist	3
Lizentiat	3
Lithograf	3
Librettist	3
Lexikograph	3
Leidenschaft	3
Lebzeit	3
Kür	3
Kostbarkeit	3
Korreferent	3
Kontraktur	3
Kontraktor	3
Kontorist	3
Konsonanz	3
Konjunktur	3
Kongruenz	3
Konfiguration	3
Kolik	3
Knabberei	3
Klamm	3
Jansenist	3
Jagd	3
Iteration	3
Ismaelit	3
Internationalist	3
Interferenz	3
Interaktion	3
Integration	3
Integrant	3
Installation	3
Infusion	3
Infrastruktur	3
Hoheit	3
Hensch	3
Girondist	3
Gewohnheit	3
Führung	3
Fron	3
Forschung	3
Format	3
Folklorist	3
Flexor	3
Externist	3
Existenz	3
Evolutionist	3
Emigrat	3
Einzelheit	3
Dummheit	3
Divisor	3
Division	3
Distribution	3
Destruktor	3
Deputat	3
Demonstrat	3
Deformität	3
Bummelant	3
Bigamist	3
Befürchtung	3
Bastei	3
Architektur	3
Approximant	3
Apparatur	3
Animator	3
Anglizist	3
Adoptor	3
Abderit	3
Örtlichkeit	2
Zucht	2
Zitant	2
Ziegelei	2
Zentralist	2
Zelebrität	2
Zelebrant	2
Xylograph	2
Wahrnehmung	2
Vorzeit	2
Vorschau	2
Varient	2
Variator	2
Umgebung	2
Umdrehung	2
Trift	2
Transplantation	2
Transplantat	2
Transformation	2
Transformat	2
Tonsur	2
Tomograf	2
Subtilität	2
Substitution	2
Stylit	2
Spiritualität	2
Spezifikation	2
Sozialstaat	2
Snobist	2
Situationist	2
Siedlung	2
Sensation	2
Selektion	2
Schwangerschaft	2
Schur	2
Satzung	2
Saprophyt	2
Rückfahrt	2
Räumlichkeit	2
Revolution	2
Revision	2
Restriktion	2
Restaurant	2
Repräsentent	2
Reparation	2
Rentent	2
Rehabilitant	2
Reederei	2
Rabulist	2
Quantität	2
Provision	2
Projektion	2
Positivist	2
Polygamist	2
Polarisator	2
Petition	2
Perversion	2
Perkussionist	2
Percussionist	2
Packung	2
Opposition	2
Oligopolist	2
Okkupant	2
Observator	2
Obliegenheit	2
Naturalist	2
Mutator	2
Musik	2
Moralität	2
Montur	2
Meldung	2
Medizin	2
Meditation	2
Manipulator	2
Major	2
Literatur	2
Ligist	2
Latenz	2
Kryptograph	2
Korrespondenz	2
Korporatist	2
Korporation	2
Koreferent	2
Kooperator	2
Konzession	2
Konzept	2
Konzentrator	2
Konföderation	2
Konfigurator	2
Kommunikation	2
Kollaborant	2
Klinostat	2
Klimatist	2
Klassifikator	2
Kinemathek	2
Keramik	2
Kartei	2
Kalkulator	2
Kalfaktor	2
Investitor	2
Investigator	2
Inversion	2
Invention	2
Intervention	2
Interpretation	2
Intelligenz	2
Instrumentist	2
Instandsetzung	2
Ingredienz	2
Informator	2
Informat	2
Implantant	2
Ikonoklast	2
Identifikation	2
Hypokrit	2
Honorat	2
Hiobsbotschaft	2
Hinduist	2
Herrschaft	2
Habseligkeit	2
Haarspalterei	2
Gärtnerei	2
Grammatik	2
Grafschaft	2
Gegangen	2
Gefälligkeit	2
Gattung	2
Frankist	2
Fluktuation	2
Flucht	2
Fist	2
Fantast	2
Fallit	2
Fagottist	2
Exzellenz	2
Explosion	2
Explorator	2
Exekutor	2
Examinator	2
Ethnograf	2
Eskapist	2
Errungenschaft	2
Enzyklopädist	2
Einsicht	2
Effektor	2
Duplikat	2
Druckerei	2
Drift	2
Diversität	2
Dissertand	2
Diskontinuität	2
Deputant	2
Demonstrator	2
Demenz	2
Defraudant	2
Deformator	2
Deduktion	2
Buett	2
Blessur	2
Bindung	2
Bestimmung	2
Besatzung	2
Bemerkung	2
Bellizist	2
Begebenheit	2
Befindlichkeit	2
Bedienung	2
Ausfuhr	2
Atomist	2
Assistenz	2
Assimilat	2
Artikulator	2
Aquarellist	2
Applikant	2
Analysator	2
Anabaptist	2
Amerikanist	2
Ambulanz	2
Akzeptor	2
Akkordeonist	2
Aggression	2
Affinität	2
Adoptant	2
Adaptor	2
Adamit	2
Absicht	2
Abfahrt	2
Abbreviatur	2
Abbildung	2
Überlast	1
Überfahrt	1
Äquivalenz	1
Zuwendung	1
Zuflucht	1
Zufahrt	1
Zuckung	1
Zivilisator	1
Zeptor	1
Währung	1
Witterung	1
Wissenschaft	1
Wirtschaft	1
Windung	1
Widmung	1
Wertigkeit	1
Weltmeisterschaft	1
Weisung	1
Vorleistung	1
Voluntarist	1
Viskosität	1
Visitator	1
Viecherei	1
Verantwortung	1
Utilität	1
Ursprung	1
Upanischad	1
Unterstützung	1
Töpferei	1
Trapezist	1
Transparenz	1
Transmigrat	1
Transkription	1
Transaktor	1
Traditionist	1
Toxizität	1
Torheit	1
Topograph	1
Tonalität	1
Testator	1
Territorialist	1
Tenorist	1
Telegraphist	1
Tektur	1
Tauchstation	1
Talmudist	1
Tagung	1
Synchronisation	1
Superior	1
Subkonstituent	1
Subagent	1
Strömung	1
Strukturalist	1
Strahlung	1
Stimmung	1
Stilist	1
Sterilisator	1
Stellung	1
Stallung	1
Stabilität	1
Staatsanwaltschaft	1
Spinnerei	1
Spezifität	1
Spekulator	1
Spektabilität	1
Sozialisation	1
Sopranist	1
Sentimentalität	1
Sensitivität	1
Sensibilität	1
Seelenhirt	1
Schöpfung	1
Schwellung	1
Schraffur	1
Schonung	1
Schonfrist	1
Schlafenszeit	1
Schamanist	1
Schalung	1
Saxofonist	1
Sammlung	1
Sadomasochist	1
Rezirkulier	1
Rezession	1
Rezeption	1
Revolutionist	1
Revident	1
Resultat	1
Resolution	1
Resignat	1
Repräsentation	1
Repräsentat	1
Reproduktion	1
Repetant	1
Rendant	1
Reinkarnation	1
Regularität	1
Registrant	1
Regionalist	1
Reformat	1
Reflexion	1
Reduzent	1
Redundanz	1
Rechtsstaat	1
Reakt	1
Raiffeisenbank	1
Raa	1
Quietist	1
Qualifikat	1
Quadrier	1
Quadratur	1
Psalmist	1
Präsidentschaft	1
Präsentant	1
Präraffaelit	1
Präparant	1
Provokation	1
Proklamation	1
Prohibitionist	1
Progressist	1
Professionalist	1
Polizei	1
Plastinat	1
Pilar	1
Physiognom	1
Philanthropist	1
Perzept	1
Perversität	1
Personalität	1
Personalist	1
Perkussion	1
Penetrator	1
Paternalist	1
Partizipation	1
Partikularist	1
Pantheist	1
Pamphletist	1
Ovation	1
Opportunität	1
Operist	1
Obstruent	1
Observation	1
Observat	1
Niederlassung	1
Neuerung	1
Neofaschist	1
Nebenprodukt	1
Navigation	1
Nahrung	1
Nachprodukt	1
Nachgeburt	1
Müdigkeit	1
Mundschenk	1
Multiplikation	1
Motivation	1
Motion	1
Mortalität	1
Monokultur	1
Molkerei	1
Moeglichkeit	1
Modeschau	1
Missetat	1
Missbildung	1
Migration	1
Metakonsument	1
Manipulation	1
Manipulant	1
Malerei	1
Makulatur	1
Machart	1
Läsion	1
Lumineszenz	1
Loyalität	1
Lotion	1
Losung	1
Lineatur	1
Liebschaft	1
Lesung	1
Leitung	1
Legalisation	1
Körperschaft	1
Kurzweil	1
Kuer	1
Kryptograf	1
Kreuzung	1
Kreation	1
Krankengymnast	1
Kovariat	1
Korrosion	1
Korrigent	1
Korrelat	1
Koordinent	1
Koordination	1
Konversion	1
Konvergenz	1
Kontingenz	1
Kontaminat	1
Konsultation	1
Konspirator	1
Konkretion	1
Konklusion	1
Kongregation	1
Konfirmat	1
Komtur	1
Komposition	1
Kompilation	1
Kompensation	1
Komoediant	1
Komoderator	1
Kommutator	1
Kommunität	1
Kommunikat	1
Kommissur	1
Kommandantur	1
Kombinator	1
Kollision	1
Kollation	1
Kokurator	1
Kokerei	1
Koinzidenz	1
Kofaktor	1
Koautor	1
Koadjutor	1
Klaviatur	1
Kennung	1
Kemalist	1
Kelterei	1
Kaustik	1
Karenz	1
Kapitalistist	1
Kantorei	1
Kantonist	1
Kalligraf	1
Judikat	1
Judaist	1
Iterator	1
Isolationist	1
Ionisator	1
Inzucht	1
Investitur	1
Inventur	1
Intimität	1
Interventionist	1
Interpolator	1
Interagent	1
Intellektualist	1
Instandhaltung	1
Inspektion	1
Inkompetenz	1
Inklusion	1
Inkarnation	1
Inhalator	1
Induktor	1
Indiktator	1
Indifferenz	1
Improvisator	1
Implikation	1
Immission	1
Imitation	1
Imitat	1
Illuminator	1
Illuminant	1
Ikonograf	1
Identifikator	1
Hyperkondensator	1
Hydrograph	1
Hydrat	1
Hundertschaft	1
Honorator	1
Hoffnung	1
Hinsicht	1
Hierophant	1
Heuristik	1
Herostrat	1
Hemmung	1
Hebraist	1
Harmonist	1
Handarbeit	1
Halterung	1
Gravitation	1
Grausamkeit	1
Graphik	1
Granulator	1
Granulat	1
Gesandtschaft	1
Gerätschaft	1
Gerberei	1
Genossenschaft	1
Generatur	1
Genehmigung	1
Garnison	1
Föderation	1
Furiosität	1
Freiheit	1
Frechheit	1
Fortbildung	1
Formator	1
Floetist	1
Figurat	1
Festung	1
Fermentation	1
Feindschaft	1
Fazilität	1
Faunist	1
Fanatist	1
Famulatur	1
Extension	1
Expansionist	1
Exkursion	1
Exkommunist	1
Exklusivität	1
Exagent	1
Evolution	1
Ethnograph	1
Ergonom	1
Energist	1
Endung	1
Empfindung	1
Emotionalität	1
Emmission	1
Emanation	1
Elastizität	1
Einsaat	1
Eingebung	1
Einfahrt	1
Ehrendoktor	1
Durchsicht	1
Dunkelheit	1
Dramatist	1
Dokumentation	1
Dokumentat	1
Divergenz	1
Disqualifikation	1
Disputant	1
Dispensation	1
Diskriminator	1
Diktant	1
Diarist	1
Dialysator	1
Diagnostik	1
Devastator	1
Desinformation	1
Desinfektor	1
Deodorant	1
Denunziator	1
Denunziat	1
Denomination	1
Demonstration	1
Demerit	1
Delirant	1
Dekoration	1
Deklination	1
Deklaration	1
Deklarant	1
Degustator	1
Defaitist	1
Debuetant	1
Datu	1
Daguerreotypist	1
Charakteristik	1
Bürokratist	1
Bürgschaft	1
Byzantinist	1
Buchhandlung	1
Buchführung	1
Brutalität	1
Bruderschaft	1
Brigadist	1
Bonapartist	1
Bibliograph	1
Bezeichnung	1
Bereitschaft	1
Belcantist	1
Belastung	1
Behinderung	1
Baulichkeit	1
Bandagist	1
Automatist	1
Aussaat	1
Aufwendung	1
Aufstellung	1
Aufmerksamkeit	1
Auffahrt	1
Attraktivität	1
Assimilant	1
Artikulation	1
Arkanist	1
Argumentation	1
Argumentat	1
Arbitrator	1
Aquanaut	1
Apologist	1
Apertur	1
Anwesenheit	1
Antizipation	1
Antikurator	1
Annalist	1
Animosität	1
Angewohnheit	1
Angelegenheit	1
Anfahrt	1
Andeutung	1
Ambivalenz	1
Ambiguität	1
Altist	1
Alphabetisator	1
Allgemeinheit	1
Alkoholist	1
Akzidenz	1
Akzelerator	1
Agglomeration	1
Afrikanist	1
Affirmation	1
Adoption	1
Adoleszenz	1
Administrant	1
Abtei	1
Absolutist	1
Abmessung	1
Ablagerung	1
Aberration	1
Abduktion	1
