Familie	887447
Sonne	807800
Kirche	641763
Studie	561938
Straße	522130
Kunde	513254
Spitze	455916
Klasse	440414
Seite	439979
Auge	379102
Gruppe	372805
Masse	327634
Stelle	270109
Marke	265396
Rente	262191
Pflanze	238080
Waffe	231752
Bauer	230287
Tabelle	229975
Karte	223443
Ware	221308
Höhe	219133
Aufgabe	216244
Tasche	215421
Riese	212163
Reihe	203686
Immobilie	198195
Küche	191996
Blume	183244
Maschine	178615
Gedanke	178302
Katze	176745
Schütze	174414
Aktie	169395
Woche	167664
Serie	167101
Bühne	164188
Interesse	160608
Rolle	153237
Krise	152973
Droge	152147
Kasse	147024
Platte	142640
Spende	135099
Strecke	132212
Größe	128611
Stunde	127778
Halle	124934
Küste	124652
Rose	122368
Branche	114524
Fläche	112883
Börse	111976
Treppe	110149
Experte	101290
Seele	100726
Kette	100518
Akte	95101
Welle	94412
Blüte	94297
Dame	93635
Lunge	92849
Brücke	92265
Oberfläche	91648
Hexe	87599
Kohle	86915
Oper	86581
Note	86030
Linie	85549
Anlage	85357
Nase	85342
Olive	83900
Gitarre	83247
Quelle	77951
Bombe	73736
Chance	72368
Idee	72059
Grundlage	71216
Pause	70741
Meile	69929
Zitrone	68746
Biene	68356
Tiefe	67792
Wolke	66392
Niere	65992
Löwe	65554
Schiene	63688
Taste	61410
Hose	61348
Wüste	59663
Katastrophe	59276
Ressource	58198
Jude	57306
Breite	55677
Schwelle	54075
Wiese	53544
Glocke	52403
Decke	52206
Anzeige	50845
Flasche	50338
Liste	50017
Höhle	49004
Stimme	48617
Scheibe	48357
Visite	48110
Seide	47521
Puppe	47289
Mühle	46743
Lippe	46679
Same	46365
Blase	46032
Heilige	45650
Farbe	45287
Beamte	44917
Toilette	43651
Rakete	43629
Milliarde	42900
Kerze	42800
Behörde	42693
Eiche	42006
Gnade	41270
Probe	41182
Antenne	41093
Leiche	41025
Linde	40364
Fliege	40303
Truppe	40083
Schraube	39788
Zigarette	39653
Hütte	39630
Hölle	38366
Fassade	38156
Waise	37622
Schokolade	37366
Sünde	37301
Route	37259
Zeuge	37042
Kurve	36885
Hase	36561
Welpe	36473
Lampe	36458
Fahne	36304
Ziege	36168
Tomate	35819
Orange	35502
Methode	34935
Pate	34595
Tanne	34155
Erde	34155
Tinte	34096
Rate	33498
Röhre	33422
Stufe	33412
Schlange	33404
Seife	33342
Brille	33161
Zeile	32886
Sekunde	32771
Rasse	32734
Sklave	32647
Laie	32441
Menge	32271
Krippe	31533
Freude	31190
Sachverständige	30970
Klappe	30970
Maßnahme	30813
See	30462
Weide	30454
Mine	30370
Terrasse	30312
Phase	29847
Schnecke	29775
Affe	29749
Dose	29157
Banane	29133
Traube	29104
Träne	28780
Weiche	28267
Nummer	28262
Koralle	27723
Watte	27661
Flamme	27598
Festplatte	27584
Runde	27051
Galle	26740
Rampe	26615
Minute	26600
Zunge	26217
Folie	25471
Birke	25361
Ente	25241
Garage	25030
Prämie	25021
Kalorie	24916
Nische	24399
Ratte	24213
Konsole	24073
Stadtverordnete	24021
Suppe	23990
Alge	23896
Etappe	23818
Bote	23553
Ochse	23444
Kanone	23324
Sprache	23202
Buchstabe	23091
Devise	22967
Frage	22728
Ausgabe	22598
Pumpe	22511
Bakterie	22167
Abgabe	21866
Kante	21834
Tatsache	21764
Baustelle	21760
Länge	21522
Rabe	21470
Fliese	21412
Maske	21234
Szene	21123
Hirte	20920
Quote	20751
Heide	20620
Latte	20588
Spinne	20578
Grube	20522
Asche	20462
Flotte	20435
Taube	20276
Perle	20092
Buche	20047
Junge	20040
Sparkasse	19762
Kabine	19735
Ameise	19665
Elfe	19590
Kneipe	19526
Krone	19266
Sitte	19187
Linse	19160
Gebärde	19084
Säule	19041
Mücke	18988
Posaune	18957
Vorrunde	18921
Kampagne	18686
Medaille	18435
Lüge	18413
Blende	18321
Koordinate	18033
Saite	18008
Ursache	17947
Felge	17675
Palme	17634
Hecke	17622
Vene	17591
Falte	17555
Düse	17395
Aue	17240
Gilde	17184
Zecke	17069
Hausaufgabe	17023
Eule	16933
Lücke	16892
Gurke	16539
Stube	16485
Bande	16477
Jungfer	16391
Hülse	16355
Falke	16221
Apotheke	15935
Kiefer	15913
Rune	15758
Mode	15721
Düne	15639
Schale	15634
Pauke	15617
Wirbelsäule	15584
Backe	15462
Fichte	15212
Bohne	15192
Wade	15175
Schleuse	15153
Lende	15051
Name	14999
Gaststätte	14951
Zelle	14867
Piste	14682
Geschichte	14411
Urkunde	14355
Panne	14332
Erbse	14250
Krankenkasse	14228
Kastanie	14193
Flöte	14018
Rippe	13969
Urne	13921
Premiere	13899
Narbe	13780
Nibelunge	13726
Torte	13659
Leiste	13609
Feige	13511
Trasse	13481
Knabe	13434
Götze	13398
Gerste	13320
Sorte	13257
Rübe	13112
Laterne	13107
Spalte	12960
Ebene	12901
Kassette	12846
Beere	12835
Pinie	12821
Klinge	12768
Geige	12752
Flanke	12541
Lawine	12409
Ziffer	12389
Sekte	12337
Wespe	12294
Einlage	12109
Zone	12056
Steppe	11994
Pute	11944
Forelle	11853
Stange	11844
Wimper	11807
Herde	11798
Pfeife	11763
Fee	11699
Seuche	11684
Dividende	11594
Sehne	11513
Orchidee	11459
Pyramide	11417
Staude	11403
Tankstelle	11355
Funke	11335
Würde	11290
Tapete	11207
Fuge	11187
Bulle	11057
Ferse	11055
Locke	10954
Sparte	10938
Jacke	10927
Briefmarke	10815
Rute	10812
Kaserne	10782
Nonne	10779
Rinde	10622
Zehe	10592
Türke	10541
Sage	10537
Rückrunde	10483
Erbe	10446
Mikrowelle	10409
Scheune	10378
Friese	10343
Schwester	10157
Zielgruppe	10036
Tablette	9935
Fahrkarte	9919
Etage	9916
Nabe	9913
Richtlinie	9890
Erle	9890
Komponente	9842
Angestellte	9816
Binse	9713
Auflage	9711
Nymphe	9691
Schallplatte	9673
Masche	9657
Wange	9613
Scherbe	9530
Achse	9287
Periode	9263
Historie	9261
Invalide	9190
Chemikalie	9164
Turbine	9162
Älteste	9033
Klinke	9024
Zigarre	8965
Adresse	8888
Gasse	8819
Schärfe	8805
Junggeselle	8785
Wanne	8704
Ruine	8687
Synagoge	8645
Sippe	8634
Pore	8620
Speise	8582
Perspektive	8474
Trompete	8415
Pfaffe	8408
Matratze	8402
Echse	8357
Haube	8353
Schwalbe	8339
Flagge	8319
Fanfare	8295
Kaktee	8289
Bürste	8258
Kapelle	8255
Hebamme	8209
Reichweite	8178
Episode	8173
Dürre	8147
Summe	8127
Drüse	8040
Klaue	8030
Tonne	8000
Spritze	7986
Pistole	7936
Pille	7825
Domäne	7789
Birne	7764
Krähe	7756
Patrone	7737
Mitte	7729
Laute	7704
Variante	7702
Witwe	7631
Kelte	7544
Hinterbliebene	7531
Lehrstelle	7530
Schleife	7525
Base	7459
Russe	7428
Kapuze	7418
Bremse	7344
Variable	7340
Leuchte	7322
Motte	7288
Nomade	7271
Marionette	7160
Unke	7147
Kamille	7035
Weste	7017
Kollege	6999
Fährte	6934
Pfote	6879
Spule	6857
Schildkröte	6856
Schurke	6820
Schlaraffe	6808
Matte	6806
Garnele	6802
Lilie	6769
Silbe	6753
Robbe	6747
Tulpe	6746
Mulde	6717
Augenzeuge	6629
Pflaume	6621
Speiche	6615
Laube	6611
Geselle	6604
Pfanne	6596
Konserve	6594
Schanze	6570
Stute	6549
Socke	6504
Analyse	6499
Loge	6471
These	6439
Lesbe	6435
Rebe	6433
Wabe	6405
Krabbe	6356
Operette	6349
Peitsche	6324
Stammzelle	6320
Type	6314
Drohne	6311
Theke	6258
Mangrove	6182
Amme	6139
Büchse	6117
Flosse	6091
Lamelle	6079
Daune	6071
Einnahme	6057
Gabe	6034
Palette	6019
Raupe	6016
Hürde	6009
Therme	5988
Epoche	5978
Vetter	5876
Kruste	5866
Zeche	5824
Hure	5773
Longe	5770
Plantage	5746
Warze	5733
Facette	5730
Möhre	5708
Kralle	5642
Milbe	5633
Anode	5627
Bude	5618
Sprechstunde	5605
Lerche	5602
Legende	5584
Skizze	5553
Mythe	5550
Lore	5543
Imme	5541
Kiste	5425
Zicke	5392
Auster	5375
Karotte	5363
Klamotte	5340
Gardine	5283
Knolle	5278
Angehörige	5266
Garderobe	5249
Marmelade	5248
Arterie	5224
Atmosphäre	5212
Tüte	5201
Vorlage	5179
Lotse	5146
Lanze	5117
Kröte	5099
Prothese	5097
Bütte	5087
Noppe	5060
Limette	5008
Zeder	4994
Esche	4983
Sonde	4973
Schranke	4970
Walze	4900
Lage	4855
Antike	4853
Kappe	4849
Debatte	4829
Grotte	4826
Winde	4760
Ecke	4740
Aprikose	4737
Otter	4725
Kategorie	4693
Raute	4660
Wehe	4652
Folge	4647
Sense	4634
Franzose	4627
Schöffe	4608
Rüge	4600
Made	4598
Harfe	4553
Lagune	4529
Flocke	4528
Tribüne	4525
Lauge	4519
Sirene	4513
Muse	4481
Larve	4470
Kriegsgefangene	4463
Kieme	4445
Elektrode	4442
Sohle	4411
Rosine	4402
Maser	4401
Taille	4394
Diele	4387
Wellenlänge	4333
Borste	4318
Reliquie	4317
Nelke	4292
Falle	4268
Platine	4259
Pappe	4235
Schublade	4204
Fritte	4198
Schule	4195
Bitte	4184
Kantine	4167
Komödie	4117
Meise	4112
Borke	4112
Kurde	4097
Sprosse	4092
Überstunde	4069
Zange	4047
Promenade	4028
Akazie	4016
Lärche	3993
Krawatte	3964
Stelze	3963
Petersilie	3952
Pagode	3914
Phrase	3904
Spore	3853
Schmiere	3847
Diode	3836
Germane	3817
Kutsche	3816
Liebe	3815
Libelle	3809
Trophäe	3806
Haltestelle	3790
Praline	3769
Elite	3753
Herr	3741
Beduine	3702
Halde	3687
Arkade	3653
Senne	3652
Anleihe	3595
Schlacke	3589
Klarinette	3581
Schäre	3580
Charlotte	3569
Zeremonie	3563
Page	3556
Geschäftsstelle	3523
Klause	3518
Lupe	3514
Kulisse	3509
Auslage	3505
Patrouille	3500
Heuschrecke	3495
Retorte	3489
Windmühle	3439
Zacke	3435
Loipe	3336
Baracke	3333
Miete	3330
Tide	3293
Serviette	3285
Kirsche	3236
Hornisse	3224
Mütze	3213
Voliere	3195
Niete	3184
Bursche	3172
Kohorte	3169
Dicke	3164
Sphäre	3157
Pocke	3107
Ulme	3102
Barde	3101
Quitte	3096
Melone	3095
Sparre	3072
Klippe	3071
Amplitude	3070
Markise	3069
Charge	3045
Tenne	3006
Diakonisse	2991
Dahlie	2972
Spirituose	2966
Matrose	2963
Hugenotte	2961
Oase	2958
Karawane	2957
Schelle	2949
Karre	2946
Schläfe	2896
Hüne	2894
Schwinge	2890
Wache	2883
Etikette	2879
Mette	2868
Welfe	2867
Espe	2862
Kolonne	2850
Salbe	2835
Bohle	2815
Möwe	2811
Diskette	2810
Rede	2797
Pupille	2787
Philologe	2764
Limousine	2756
Elle	2747
Ikone	2740
Schreibmaschine	2697
Schürze	2683
Giraffe	2683
Marge	2676
Serpentine	2668
Manschette	2663
Gosse	2653
Kanne	2651
Kurzgeschichte	2650
Waschmaschine	2648
Druide	2648
Schablone	2642
Allee	2634
Zwetschge	2628
Saline	2616
Kathode	2597
Handtasche	2570
Rücklage	2564
Münze	2552
Soße	2538
Geste	2537
Synode	2529
Zulage	2513
Büste	2468
Mumie	2465
Tasse	2464
Recke	2460
Moräne	2444
Vorstufe	2440
Bahre	2440
Mähne	2430
Miene	2429
Sache	2419
Savanne	2415
Legehenne	2403
Molke	2387
Hülle	2387
Bube	2382
Slawe	2372
Granate	2370
Vitrine	2366
Amazone	2349
Standarte	2342
Baske	2327
Rüsche	2325
Ranke	2307
Bure	2291
Rille	2290
Melisse	2275
Glühlampe	2272
Suche	2271
Kaskade	2255
Schotte	2225
Kernwaffe	2214
Metapher	2209
Mongole	2189
Gote	2181
Keule	2176
Intrige	2154
Termite	2150
Posse	2146
Schamane	2145
Hagebutte	2145
Salmonelle	2141
Hunne	2141
Stiege	2134
Ballade	2131
Eibe	2123
Muskete	2112
Schenke	2089
Raste	2087
Mappe	2076
Wohnfläche	2075
Fregatte	2073
Niederlage	2064
Metropole	2053
Stütze	2037
Knospe	2035
Wille	2021
Insasse	2008
Broschüre	1994
Kutte	1990
Dogge	1981
Eingeborene	1959
Mandoline	1954
Latsche	1950
Beule	1940
Taxe	1908
Pritsche	1904
Kurie	1904
Normanne	1901
Maure	1901
Hypothese	1900
Rinne	1897
Wende	1893
Vase	1887
Tube	1863
Glaube	1857
Ähre	1849
Strophe	1845
Presse	1823
Aussage	1818
Zugabe	1801
Titte	1781
Grieche	1775
Korinthe	1764
Kamelie	1746
Melodie	1742
Antilope	1739
Fäkalie	1735
Parzelle	1734
Jolle	1729
Schimpanse	1725
Barte	1721
Flinte	1720
Azteke	1709
Theologe	1704
Sauce	1698
Schlehe	1692
Chinese	1691
Aubergine	1681
Kufe	1679
Limone	1660
Ellipse	1656
Truhe	1655
Weise	1652
Citrone	1648
Perücke	1634
Bestie	1627
Clique	1609
Scholle	1598
Schnauze	1594
Planke	1587
Kippe	1587
Rückseite	1581
Ader	1578
Hoehe	1573
Fußnote	1572
Hilfe	1550
Loewe	1547
Hypophyse	1538
Glatze	1538
Backware	1536
Schlinge	1524
Weite	1520
Plane	1515
Schlaufe	1512
Doge	1512
Pose	1511
Zyste	1510
Police	1510
Aminosäure	1510
Artischocke	1505
Theorie	1502
Metastase	1499
Kartusche	1499
Draisine	1483
Mormone	1482
Klette	1482
Kopie	1480
Matrize	1479
Klingone	1476
Mole	1472
Blondine	1459
Mandarine	1458
Däne	1454
Zypresse	1450
Glühbirne	1449
Delikatesse	1442
Reise	1437
Haue	1435
Zinne	1430
Platane	1429
Föhre	1426
Egge	1426
Palisade	1425
Flechte	1422
Grille	1412
Statue	1406
Sardine	1402
Waage	1399
Jause	1393
Klemme	1382
Rosette	1372
Koppe	1368
Kueche	1367
Krake	1364
Finne	1363
Hostie	1351
Beilage	1351
Buchse	1341
Äsche	1338
Wacke	1337
Makrele	1332
Sandale	1329
Novelle	1327
Narzisse	1325
Kollekte	1323
Boje	1320
Strafe	1317
Kläranlage	1315
Landkarte	1313
Vorspeise	1307
Ursuline	1306
Feder	1303
Qualle	1289
Marille	1279
Mansarde	1269
Synapse	1265
Marone	1257
Henne	1251
Irokese	1242
Collage	1234
Taverne	1233
Dioptrie	1231
Eile	1224
Tatze	1203
Gatte	1201
Butte	1200
Stele	1197
Violine	1195
Wanze	1188
Novize	1185
Anemone	1185
Pistazie	1183
Hieroglyphe	1178
Luke	1177
Gerade	1175
Boerse	1172
Bonze	1170
Kolumne	1165
Dolde	1163
Naturalie	1162
Vorgesetzte	1157
Beute	1140
Natter	1134
Korvette	1118
Alemanne	1114
Borusse	1112
Ammer	1110
Barrikade	1106
Jurte	1099
Limonade	1094
Myrte	1093
Bolle	1090
Malve	1089
Oboe	1087
Galeere	1087
Kloake	1080
Ende	1077
Kantate	1062
Sure	1061
Latrine	1051
Sonate	1045
Schnulze	1044
Rutsche	1043
Magnolie	1043
Fähre	1041
Sardelle	1040
Tangente	1039
Kannibale	1039
Feile	1039
Pädagoge	1021
Gage	1013
Stubbe	1009
Apfelsine	1008
Plakette	1004
Kueste	1001
Haushaltsware	1001
Graupe	996
Farre	987
Vignette	985
Psychologe	977
Drache	977
Kichererbse	972
Ganove	969
Rispe	966
Ampulle	966
Zarge	964
Spange	961
Eidechse	955
Flame	949
Delle	949
Pforte	947
Quinte	946
Dienstbote	942
Stärke	936
Paillette	933
Kaverne	920
Attacke	917
Lehne	913
Horde	905
Tragödie	901
Dublette	895
Macke	892
Braue	885
Pfütze	880
Agave	877
Binde	876
Scharte	874
Fete	870
Lupine	869
Gerte	869
Breme	869
Litze	865
Lette	862
Bürge	862
Oblate	861
Partie	860
Koje	858
Salve	854
Zinke	853
Fratze	846
Anekdote	843
Öse	840
Hitparade	839
Energie	838
Matrone	837
Hupe	837
Groeße	836
Schnake	833
Unterlage	830
Bluse	829
Rötel	827
Archäologe	824
Tunte	822
Mucke	822
Mikrobe	818
Hainbuche	818
Flaute	813
Trense	812
Hippe	800
Vorstrafe	798
Galerie	795
Nachkomme	789
Öde	788
Endivie	787
Wueste	779
Geranie	774
Droschke	773
Schwäche	772
Sternwarte	770
Wohngruppe	764
Passage	758
Alternative	758
Bratsche	757
Pipette	754
Garde	745
Buße	745
Schnepfe	742
Furche	742
Vandale	741
Schliere	739
Nutte	737
Zisterne	736
Mirabelle	727
Zitze	725
Garbe	722
Amöbe	718
Hortensie	717
Dauer	717
Tatare	715
Arche	715
Flottille	711
Gehilfe	709
Alamanne	699
Gehre	697
Komparse	691
Hetze	691
Borrelie	691
Teutone	690
Schlampe	688
Fuchsie	682
Brache	682
Manege	680
Kathedrale	676
Gazelle	676
Zentrifuge	672
Matze	671
Nixe	669
Nisse	669
Schnalle	666
Brasse	664
Barriere	663
Fürbitte	660
Muffe	659
Schwarte	657
Walküre	650
Trichine	650
Triode	649
Hymne	649
Sukkulente	647
Linke	641
Hyäne	640
Beihilfe	640
Schalotte	638
Kaper	638
Druse	638
Spülmaschine	635
Langobarde	630
Glorie	630
Vorwoche	625
Prise	625
Pointe	625
Kuppe	623
Akademie	622
Lache	619
Traverse	616
Harpune	616
Diagnose	615
Triade	611
Apache	611
Neurose	607
Brahmane	604
Fontäne	600
Walke	597
Zitadelle	595
Umlage	594
Barke	594
Stratosphäre	592
Arie	592
Hanse	585
Parallaxe	584
Panflöte	583
Virtuose	582
Soziologe	582
Gaube	582
Assassine	580
Dekade	579
Ausnahme	578
Brite	570
Eizelle	569
Vorname	567
Serbe	565
Tagesstätte	564
Motette	563
Kelle	562
Reuse	559
Steuer	557
Pausche	557
Angabe	552
Baude	551
Serenade	550
Duese	548
Renke	546
Woge	545
Schießbude	540
Bretone	540
Bilge	539
Pranke	535
Devotionalie	532
Ahle	532
Patte	531
Roulade	528
Robe	528
Senke	526
Initiative	526
Vorgabe	523
Parole	522
Chrysantheme	521
Pastete	519
Geologe	516
Spüle	512
Zichorie	511
Ministeriale	510
Lude	510
Nematode	507
Katakombe	507
Depesche	506
Reisende	504
Moschee	504
Liane	504
Todesstrafe	500
Stafette	500
Sperre	499
Trappe	494
Pleite	493
Hämorrhoide	487
Kajüte	486
Balte	479
Vorsitzende	466
Schnittblume	465
Nuance	465
Sicke	463
Osmane	462
Sorbe	461
Ruebe	460
Mimose	459
Barkasse	455
Sarazene	454
Haxe	454
Strebe	452
Riege	452
Karde	450
Diatomee	448
Bruecke	448
Gilge	447
Wunde	446
Grimasse	446
Realie	445
Kommune	445
Umfrage	444
Feuerwaffe	443
Pomeranze	440
Traufe	439
Paste	438
Volute	437
Blockade	437
Krause	436
Papille	433
Silhouette	431
Aster	430
Quecke	429
Griebe	428
Kuhle	426
Glucke	425
Seleukide	424
Schleppe	424
Maultasche	423
Kratze	423
Aufnahme	423
Eingabe	421
Hottentotte	420
Printe	418
Wippe	416
Urologe	416
Rivale	415
Viper	414
Binge	414
Krücke	412
Kehle	406
Suite	405
Bluete	404
Kalotte	401
Emanze	401
Malaie	399
Frikadelle	399
Azalee	398
Lusche	397
Lokomotive	397
Hüllkurve	397
Schwiele	394
Unze	391
Kehre	389
Glosse	388
Gose	387
Pfette	386
Batterie	386
Recherche	385
Tscheche	383
Spanne	383
Versehrte	382
Hellebarde	378
Stotter	376
Süße	373
Leitplanke	372
Tantieme	371
Pantomime	370
Annonce	368
Kartonage	367
Gräte	367
Buehne	366
Knarre	364
Klampfe	362
Elster	362
Dirne	360
Borte	360
Skalde	359
Schote	359
Jalousie	357
Epidemie	357
Lasche	356
Narde	355
Pinzette	354
Leguminose	352
Tamile	351
Hominide	351
Schuetze	350
Zikade	348
Olle	348
Spirale	347
Tante	344
Sassanide	343
Stulpe	340
Ritze	339
Pratze	336
Seezunge	335
Offerte	335
Hyazinthe	335
Sibylle	333
Sonder	332
Krume	332
Syrte	331
Pfründe	331
Kroate	331
Schnucke	329
Beschwerde	329
Mittel	327
Bourbone	324
Meute	323
Bazille	322
Strähne	320
Gemme	320
Enge	320
Hemisphäre	318
Gumpe	318
Rückleuchte	315
Myrrhe	315
Languste	314
Ottone	313
Miere	313
Gefährte	313
Fehde	312
Lunte	310
Zwetsche	307
Putte	305
Bronchie	303
Bowle	302
Parallele	300
Bajuware	300
Sänfte	299
Röte	299
Pinne	299
Sause	298
Stakete	297
Troposphäre	296
Datsche	295
Stulle	294
Mime	290
Beigabe	289
Girlande	288
Textilie	287
Scherge	286
Nachfahre	286
Kogge	286
Grenze	286
Reserve	285
Kommode	285
Gynäkologe	284
Biologe	283
Demagoge	282
Treue	279
Roehre	279
Brause	279
Suende	275
Mutter	275
Astrologe	273
Lithosphäre	272
Färse	270
Oktave	269
Konfitüre	269
Kardiologe	269
Margerite	268
Breche	265
Ablage	265
Remittende	264
Androide	263
Wünschelrute	262
Genealoge	261
Bandage	261
Parade	259
Riefe	258
Huette	257
Hocke	254
Zentrale	253
Hitze	253
Chimäre	253
Fotze	252
Triole	251
Karkasse	251
Feste	251
Reportage	250
Plombe	249
Harke	248
Bordüre	248
Materie	247
Hoehle	245
Tartare	244
Stake	244
Kasematte	244
Kotze	243
Docke	243
Fluglinie	241
Terrine	240
Tülle	237
Skythe	234
Untiefe	232
Letter	232
Hoelle	232
Romanze	231
Mailingliste	231
Remoulade	230
Monographie	230
Penne	229
Araukarie	229
Amphore	229
Singstunde	228
Kruppe	228
Kartätsche	228
Wurte	225
Pygmäe	225
Seldschuke	224
Lehre	222
Poularde	221
Leiter	221
Boutique	221
Orthopäde	220
Mittelklasse	219
Spitzbube	218
Ausrede	218
Nachspeise	217
Karausche	217
Backstube	215
Klage	214
Dusche	214
Tränke	213
Forsythie	213
Ramme	212
Schleie	211
Pirouette	211
Ordinate	211
Kresse	211
Grippe	211
Mauer	210
Insignie	210
Nachbar	209
Makrone	209
Lafette	209
Schlappe	208
Hesperide	206
Fritze	205
Ephemeride	203
Bulette	202
Schließe	201
Hüfte	201
Päonie	200
Sprotte	199
Gemse	197
Affäre	195
Rabatte	194
Wette	193
Weile	192
Vedute	192
Klammer	192
Reprise	190
Muecke	190
Hebebühne	190
Schippe	189
Vogelscheuche	188
Strafsache	188
Furie	187
Zeese	185
Portugiese	185
Behoerde	185
Ionosphäre	184
Gülle	184
Invariante	183
Monade	181
Schwärze	180
Kletze	180
Hefe	179
Bullauge	179
Rheumatologe	178
Lombarde	178
Karriere	177
Rutte	176
Leuchtstoffröhre	176
Kombüse	176
Spraydose	175
Buhle	175
Windel	173
Pomologe	173
Kolonie	173
Machete	171
Idylle	171
Solfatare	169
Samojede	168
Konstituente	168
Bulldogge	168
Ralle	167
Hader	165
Zote	164
Gemeinde	164
Tamariske	163
Quarte	163
Dörre	162
Afghane	162
Kabale	161
Friteuse	158
Abszisse	157
Faxe	156
Anomalie	156
Wonne	155
Rendite	155
Kaulquappe	155
Ornithologe	154
Minze	152
Bulgare	150
Tresse	149
Orgie	148
Metamorphose	148
Dschunke	148
Mätresse	147
Arthropode	147
Blatter	146
Zistrose	145
Ruege	145
Prämisse	145
Petunie	145
Krokette	145
Erdbeere	145
Enklave	145
Sole	144
Brachse	144
Prognose	143
Kimme	143
Mobilie	142
Clementine	142
Spürnase	141
Schmerle	141
Nektarine	140
Gladiole	140
Menopause	139
Strategie	137
Psychose	137
Kammer	137
Haubitze	137
Beize	137
Schrunde	136
Pampelmuse	136
Wäsche	135
Hypotenuse	135
Filiale	135
Reue	134
Mohrrübe	134
Rumäne	131
Quaste	131
Herme	131
Determinante	131
Palmette	129
Attrappe	129
Luege	128
Krampe	128
Vietnamese	127
Kreide	127
Rückblende	126
Hellene	126
Biographie	124
Schnute	123
Lanzette	123
Halunke	123
Synkope	122
Paschtune	122
Neunauge	122
Memme	122
Kerbe	122
Börde	122
Leuchtstofflampe	121
Diagonale	121
Trompe	120
Therapie	120
Spelze	120
Schrippe	120
Leihe	120
Unschärfe	119
Schneise	119
Balustrade	119
Antipode	119
Rabauke	118
Trajektorie	117
Muräne	116
Kelter	116
Entomologe	116
Pulle	115
Laune	115
Ecker	115
Jauche	114
Alter	114
Vorhalle	113
Viole	113
Krempe	113
Doublette	113
Marginalie	112
Kojote	112
Gamasche	112
Vokabel	111
Nichte	111
Karosse	111
Begonie	111
Apokalypse	111
Trikotage	110
Muehle	110
Magnitude	109
Etüde	109
Arabeske	108
Säure	107
Membrane	107
Goetze	107
Bache	107
Auerochse	107
Vakuole	106
Kokarde	106
Logopäde	105
Neurologe	104
Kroete	104
Blesse	104
Drainage	103
Quetsche	102
Pekinese	102
Kastagnette	102
Eiderdaune	102
Semmel	101
Nüster	100
Fayence	100
Technologie	99
Meteorologe	99
Kämpe	99
Floete	99
Kompresse	98
Brigade	97
Asiate	97
Straßenkarte	96
Spardose	96
Schnitte	96
Kolchose	96
Fräse	96
Spelunke	95
Schärpe	95
Kartoffel	95
Fibrille	95
Tschuktsche	94
Piroge	94
Mestize	94
Harmonie	94
Duene	94
Kordillere	93
Gouvernante	93
Regel	92
Pomade	92
Finte	92
Schmeißfliege	91
Schleiche	91
Kule	91
Bolide	91
Kurtisane	90
Dalbe	90
Lektüre	89
Aide	89
Stanze	88
Spinnwebe	88
Hämorride	88
Diözese	88
Stratege	87
Harpyie	87
Expertise	87
Blätter	87
Tute	86
Karwoche	86
Begierde	86
Armee	86
Vernissage	85
Trosse	85
Satire	85
Revolte	85
Leere	85
Kleie	85
Hetäre	85
Teilnahme	84
Sulze	84
Scheuer	84
Huelse	84
Hirse	84
Schulter	83
Schnuppe	83
Schmelze	83
Massage	83
Klingel	83
Hurone	83
Moehre	82
Brosche	82
Wichse	81
Mulatte	81
Injurie	81
Initiale	81
Acker	81
Zuave	80
Segel	80
Schildkroete	80
Ideologie	80
Estrade	80
Este	80
Sexte	79
Ruhe	79
Routine	79
Muskel	79
Lohe	79
Gämse	79
Fuhre	79
Banderole	79
Zwicke	78
Zofe	78
Platzpatrone	78
None	78
Kemenate	78
Frische	78
Chiffre	78
Bramme	78
Wässer	77
Pathologe	77
Komplize	77
Flause	77
Wallone	76
Muenze	76
Dekretale	76
Vorbote	75
Sülze	75
Quarre	75
Pope	75
Ire	75
Epigone	75
Rupie	74
Romane	74
Gallone	74
Epiphanie	74
Ronde	73
Orientale	73
Kreole	73
Septime	72
Marinade	72
Genuese	72
Faser	72
Nekrose	71
Knagge	71
Joppe	71
Avantgarde	71
Annahme	71
Wuerde	70
Wandale	70
Siamese	70
Kimber	70
Industrie	70
Cousine	70
Absprache	70
Radiologe	69
Wirkware	68
Vanille	68
Tranche	68
Suffragette	68
Zündfunke	67
Zoonose	67
Taufe	67
Olympiade	67
Kartause	67
Ethnie	67
Eskorte	67
Dermatologe	67
Banause	67
Härte	66
Gefreite	66
Fassette	66
Doppe	66
Rätsche	65
Phäake	65
Karavane	65
Finesse	65
Wetter	64
Pruzze	64
Pauschale	64
Glotze	64
Schimäre	63
Politesse	63
Allergie	63
Önologe	62
Pastille	62
Luecke	62
Kladde	62
Zusage	61
Voute	61
Thrombose	61
Sichel	61
Kontrolle	61
Kirgise	61
Grütze	61
Feuerzangenbowle	61
Eleve	61
Dieme	61
Brise	61
Basilie	61
Affiche	61
Tuete	60
Schwende	60
Muschel	60
Strosse	59
Speicher	59
Runkelrübe	59
Rotunde	59
Normalie	59
Luzerne	59
Klampe	59
Karaffe	59
Turkmene	58
Slowene	58
Kustode	58
Kletter	58
Japanologe	58
Schüppe	57
Pretiose	57
Guillotine	57
Neffe	56
Groteske	56
Förde	56
Klitsche	55
Johannisbeere	55
Dynastie	55
Billiarde	55
Radiolarie	54
Margarine	54
Kaule	54
Kapillare	54
Dole	54
Krinoline	53
Brombeere	53
Anthere	53
Wiedervorlage	52
Kamelle	52
Genitalie	52
Aralie	52
Zirbeldrüse	51
Politologe	51
Pelle	51
Pauschalreise	51
Nachname	51
Lunger	51
Isomatte	51
Eichel	51
Biografie	51
Usbeke	50
Rückfrage	50
Metaphase	50
Hinde	50
Friseuse	50
Eiderente	50
Soffitte	49
Schatulle	49
Megatonne	49
Maxime	49
Jambe	49
Herberge	49
Trespe	48
Sahne	48
Pinole	48
Ouvertüre	48
Maskerade	48
Huelle	48
Equipage	48
Bürde	48
Ägyptologe	47
Zauber	47
Wehne	47
Remonte	47
Kauer	47
Falbe	47
Blogosphäre	47
Verbene	46
Scientologe	46
Ideologe	46
Kaschemme	45
Elegie	45
Baronie	45
Zimmer	44
Wächte	44
Schikane	44
Katechese	44
Gardenie	44
Dasselfliege	44
Utopie	43
Unehre	43
Tonnage	43
Repressalie	43
Parodie	43
Newsgruppe	43
Montage	43
Kasache	43
Glubschauge	43
Tscherkesse	42
Kugel	42
Kornelkirsche	42
Eklipse	42
Bibliographie	42
Anthropologe	42
Übernahme	41
Statuette	41
Schänke	41
Beuge	41
Änder	40
Zygote	40
Undine	40
Tuerke	40
Schmonzette	40
Salweide	40
Parze	40
Novene	40
Konkubine	40
Fressalie	40
Egomane	40
Vorerbe	39
Spille	39
Mähre	39
Metope	39
Hypothenuse	39
Bürger	39
Analogie	39
Allegorie	39
Tschetschene	38
Seepocke	38
Schande	38
Morelle	38
Kochstelle	38
Aloe	38
Wiedergabe	37
Schlingpflanze	37
Kopte	37
Fontaine	37
Buechse	37
Aushilfe	37
Untergebene	36
Strapaze	36
Plattitüde	36
Kamee	36
Hundehütte	36
Exklave	36
Ethnologe	36
Dyade	36
Augustine	36
Wasser	35
Souffleuse	35
Schwere	35
Ministerialie	35
Kommilitone	35
Gemüse	35
Gaupe	35
Antinomie	35
Aberglaube	35
Zwiebel	34
Wurzel	34
Synthese	34
Pinte	34
Patsche	34
Insel	34
Hierarchie	34
Göre	34
Gazette	34
Drachme	34
Buerste	34
Zenturie	33
Vorliebe	33
Tapisserie	33
Phantasie	33
Kaschube	33
Galeone	33
Figurine	33
Webware	32
Waffel	32
Tuberkulose	32
Nudel	32
Muße	32
Anthologie	32
Ansprache	32
Wumme	31
Turteltaube	31
Pleuelstange	31
Leckage	31
Herbstzeitlose	31
Formalie	31
Bombarde	31
Anapher	31
Synergie	30
Swebe	30
Schelte	30
Rauke	30
Puderquaste	30
Preiselbeere	30
Platitüde	30
Onkologe	30
Kontroverse	30
Hofschranze	30
Fernreise	30
Destille	30
Bresche	30
Stille	29
Gaststube	29
Einsprache	29
Dichte	29
Schraffe	28
Rueckrunde	28
Pobacke	28
Parse	28
Kopeke	28
Kommunarde	28
Indogermane	28
Hälfte	28
Hucke	28
Führe	28
Fliegenklatsche	28
Doppel	28
Chaise	28
Zwickmühle	27
Zoologe	27
Wochenende	27
Wiederaufnahme	27
Vorbühne	27
Virtualie	27
Tippse	27
Symphonie	27
Schräge	27
Pirogge	27
Meister	27
Garantie	27
Bonne	27
Bergamotte	27
Wechte	26
Wechselstube	26
Vigilie	26
Unfriede	26
Tunguse	26
Sodale	26
Slowake	26
Polonaise	26
Paläontologe	26
Lakritze	26
Kusine	26
Gastropode	26
Arthrose	26
Pesete	25
Muetze	25
Mandel	25
Lotterie	25
Hochschule	25
Grätsche	25
Grazie	25
Duerre	25
Affaire	25
Wander	24
Magistrale	24
Himbeere	24
Georgine	24
Danaide	24
Bruchbude	24
Arkebuse	24
Anklage	24
Terzine	23
Sinfonie	23
Mühe	23
Mutage	23
Knetmasse	23
Huene	23
Sühne	22
Ferne	22
Dunkel	22
Bueste	22
Blöße	22
Attitüde	22
Waagschale	21
Staffel	21
Soutane	21
Memorabilie	21
Liturgie	21
Koryphäe	21
Knubbe	21
Kneifzange	21
Inkunabel	21
Finger	21
Ernte	21
Bauweise	21
Bastille	21
Asymptote	21
Allergologe	21
Stampfe	20
Preziose	20
Pneumologe	20
Nadel	20
Mänade	20
Karavelle	20
Huerde	20
Fibrose	20
Feme	20
Ephebe	20
Diabetologe	20
Äolsharfe	19
Visage	19
Stenose	19
Spirochäte	19
Retraite	19
Ottomane	19
Nebenfolge	19
Monografie	19
Kausche	19
Inventarie	19
Fotografie	19
Entnahme	19
Dublone	19
Computer	19
Brühe	19
Blindschleiche	19
Rhapsode	18
Pyromane	18
Opfer	18
Narkose	18
Mähmaschine	18
Journaille	18
Gerage	18
Bosniake	18
Würze	17
Unsitte	17
Tsetsefliege	17
Singhalese	17
Pausbacke	17
Nukleinsäure	17
Maische	17
Lithographie	17
Korse	17
Kanzone	17
Kantharide	17
Kabyle	17
Heidelbeere	17
Enzyklopädie	17
Eiter	17
Dominante	17
Banse	17
Ausbesser	17
Wärme	16
Wilder	16
Tusche	16
Trombe	16
Tribuene	16
Sympathie	16
Strenge	16
Sonatine	16
Schramme	16
Schoeffe	16
Olympionike	16
Nachfrage	16
Levkoje	16
Krätze	16
Kapriole	16
Jade	16
Guilloche	16
Emballage	16
Druese	16
Anamnese	16
Systole	15
Synopse	15
Stätte	15
Phobie	15
Nessel	15
Lymphe	15
Kokotte	15
Herpetologe	15
Grisette	15
Filter	15
Einsteiger	15
Buette	15
Bataille	15
Akzise	15
Windmuehle	14
Vorsorge	14
Volkshochschule	14
Tücke	14
Trilliarde	14
Spezie	14
Schäbe	14
Schliche	14
Sarde	14
Plache	14
Noxe	14
Mykologe	14
Melasse	14
Mayonnaise	14
Kuvertüre	14
Krevette	14
Kolibakterie	14
Hintersasse	14
Heroine	14
Fantasie	14
Ebbe	14
Abnahme	14
Zeitgenosse	13
Transversale	13
Tilde	13
Tafel	13
Schappe	13
Schacher	13
Rassel	13
Prophylaxe	13
Nähe	13
Myrre	13
Lachsalve	13
Kazike	13
Katalane	13
Grundschule	13
Futter	13
Farce	13
Bakteriophage	13
Anrede	13
Vergabe	12
Sultanine	12
Skabiose	12
Sansculotte	12
Sammel	12
Plaste	12
Pilger	12
Mogul	12
Jüte	12
Hämatologe	12
Hermundure	12
Glyzine	12
Generalie	12
Dränage	12
Dronte	12
Diener	12
Dattel	12
Balance	12
Aussprache	12
Auslese	12
Witter	11
Ufer	11
Stellungnahme	11
Schranze	11
Sarabande	11
Reklame	11
Raffinerie	11
Psyche	11
Postille	11
Pappel	11
Moewe	11
Mecker	11
Kohlensäure	11
Kasserolle	11
Insektivore	11
Gluehbirne	11
Durchsicker	11
Brosame	11
Brezel	11
Unruhe	10
Toxikologe	10
Tirade	10
Symbiose	10
Staffage	10
Schuerze	10
Ruesche	10
Photographie	10
Papyrologe	10
Order	10
Offensive	10
Notaufnahme	10
Nachfolge	10
Metzger	10
Libanese	10
Knabber	10
Hämmer	10
Hygiene	10
Hyade	10
Garotte	10
Flunder	10
Feier	10
Bastel	10
Bagatelle	10
Apostille	10
Anhöhe	10
Absence	10
Ägide	9
Wechsel	9
Trüffel	9
Szenerie	9
Skote	9
Sitzecke	9
Singstimme	9
Septarie	9
Scharade	9
Repetitorie	9
Phänomenologe	9
Physiologe	9
Phiole	9
Partite	9
Mythologie	9
Merle	9
Leier	9
Leber	9
Kälte	9
Kardätsche	9
Intrade	9
Initialie	9
Hypostase	9
Graphologe	9
Galosche	9
Ekloge	9
Chansonette	9
Broschuere	9
Bedauer	9
Aventiure	9
Amorette	9
Agraffe	9
Zucker	8
Zither	8
Wuenschelrute	8
Winter	8
Vorlese	8
Vorhölle	8
Virologe	8
Tadschike	8
Spindel	8
Skoliose	8
Schueppe	8
Scheiter	8
Satyr	8
Rückgabe	8
Ruecklage	8
Ruder	8
Retusche	8
Quarantäne	8
Planchette	8
Pharmakologe	8
Paradoxie	8
Panzer	8
Osmose	8
Orgel	8
Mineraloge	8
Migräne	8
Marter	8
Marotte	8
Kosmologe	8
Kompanie	8
Klimatologe	8
Kegel	8
Kalesche	8
Häresie	8
Gloriole	8
Frühe	8
Feuer	8
Erinnye	8
Deponie	8
Vorhersage	7
Vokalise	7
Undezime	7
Tunke	7
Sueße	7
Spiegel	7
Sinologe	7
Sehrinde	7
Schnatterente	7
Schlüssel	7
Rückklappe	7
Rueckseite	7
Rotatorie	7
Rochade	7
Retourkutsche	7
Raize	7
Pädagogie	7
Pfarre	7
Octave	7
Netiquette	7
Nachwehe	7
Myriade	7
Mitglieder	7
Misere	7
Meier	7
Marquise	7
Lappalie	7
Konter	7
Karbidlampe	7
Karamelle	7
Kapsel	7
Kachel	7
Kabel	7
Hydrologe	7
Hemlocktanne	7
Geister	7
Formel	7
Floskel	7
Fackel	7
Eremitage	7
Endokrinologe	7
Einsiedel	7
Einschüchter	7
Eier	7
Drogerie	7
Demokratie	7
Courtage	7
Blamage	7
Biennale	7
Beißzange	7
Beichte	7
Anker	7
Ampel	7
Amoebe	7
Zuname	6
Zunahme	6
Zimbel	6
Winkel	6
Webkante	6
Vlame	6
Terminologie	6
Sylphide	6
Streichel	6
Sexologe	6
Schwefelsäure	6
Schermaschine	6
Scharbe	6
Saxone	6
Regelung	6
Pseudomorphose	6
Power	6
Ouverture	6
Neurobiologe	6
Monarchie	6
Moderne	6
Meuchel	6
Megäre	6
Materalie	6
Lithografie	6
Korrektorie	6
Komtesse	6
Komoedie	6
Kolportage	6
Kehrseite	6
Jammer	6
Ironie	6
Hysterie	6
Hummel	6
Hantel	6
Hakel	6
Gevatter	6
Förder	6
Folsäure	6
Erinner	6
Entwickel	6
Ekstase	6
Beiname	6
Anse	6
Anprobe	6
Alewite	6
Absage	6
Zitter	5
Vorsilbe	5
Typologie	5
Trommel	5
Trikolore	5
Trauer	5
Topographie	5
Stupidie	5
Stuetze	5
Sozialhilfe	5
Sestine	5
Seance	5
Schminke	5
Schachtel	5
Sbirre	5
Rücknahme	5
Rübsame	5
Runkelruebe	5
Ruderalpflanze	5
Roller	5
Rodel	5
Robinsonade	5
Ringelnatter	5
Querele	5
Quabbe	5
Promesse	5
Probennahme	5
Philosophie	5
Panfloete	5
Muster	5
Linder	5
Lager	5
Krabbel	5
Konsul	5
Klapper	5
Khedive	5
Karosserie	5
Horizontale	5
Hommage	5
Hinder	5
Herlitze	5
Hebebuehne	5
Grisaille	5
Glaziologe	5
Glasfaser	5
Gastronomie	5
Gabel	5
Elektrolyse	5
Chronologe	5
Christie	5
Chilene	5
Chemie	5
Butter	5
Bleibe	5
Birmane	5
Apanage	5
Allüre	5
Allmende	5
Zerkleiner	4
Würfel	4
Wunder	4
Vorrede	4
Töpfer	4
Turkologe	4
Trance	4
Tetralogie	4
Tautologie	4
Takelage	4
Stöber	4
Stolper	4
Stoffwechsel	4
Stecknadel	4
Stachel	4
Spuelmaschine	4
Sottise	4
Selbsthilfe	4
Seismologe	4
Röste	4
Rudbeckie	4
Realschule	4
Ratter	4
Ramie	4
Radel	4
Probenahme	4
Primel	4
Pfuetze	4
Patine	4
Pantoffel	4
Normalsterbliche	4
Nockerl	4
Negatorie	4
Murmel	4
Monegasse	4
Model	4
Matrikel	4
Manie	4
Magie	4
Luder	4
Leuchtstoffroehre	4
Lachtaube	4
Kürze	4
Kurbel	4
Kriminologe	4
Kosovare	4
Konklave	4
Kombuese	4
Knister	4
Keltologe	4
Jugoslawe	4
Invektive	4
Immunologe	4
Hyaluronsäure	4
Hunger	4
Humoreske	4
Herausgabe	4
Hekatombe	4
Hausse	4
Grundel	4
Goldparmäne	4
Gluehlampe	4
Gitter	4
Geheimloge	4
Fürsorge	4
Freimaurerloge	4
Folter	4
Fistel	4
Expertie	4
Etymologie	4
Ethologe	4
Etagere	4
Epode	4
Emaille	4
Eloge	4
Durchreiche	4
Distel	4
Cover	4
Bügel	4
Bewunder	4
Balletteuse	4
Bagger	4
Azalie	4
Autonomie	4
Apotheose	4
Annäher	4
Angehoerige	4
Übergabe	3
Äginete	3
Zeter	3
Walkuere	3
Vögel	3
Vorbörse	3
Voraussage	3
Verzauber	3
Vertikale	3
Unsumme	3
Trophie	3
Travestie	3
Tragoedie	3
Tournee	3
Titel	3
Technologe	3
Sterke	3
Stemme	3
Spuele	3
Splitter	3
Silage	3
Siegel	3
Schupfnudel	3
Schrulle	3
Schnupper	3
Schlumpe	3
Schleuder	3
Schlabber	3
Schindel	3
Schiedsrichter	3
Schieblehre	3
Schauspieler	3
Schaukel	3
Sabotage	3
Rücksprache	3
Riesel	3
Rhapsodie	3
Renonce	3
Portage	3
Polster	3
Polie	3
Pfruende	3
Peripherie	3
Partikel	3
Parkette	3
Parataxe	3
Pantolette	3
Pandemie	3
Originalie	3
Odaliske	3
Neuaufnahme	3
Nephrologe	3
Neonatologe	3
Natalie	3
Nagel	3
Nachnahme	3
Lächel	3
Leukämie	3
Leeseite	3
Knobel	3
Kanaille	3
Hypnose	3
Hydrolyse	3
Hydrie	3
Huellkurve	3
Huefte	3
Hoppel	3
Hitsche	3
Hauptschule	3
Gouache	3
Gewitter	3
Gerontologe	3
Geisel	3
Gaze	3
Funkel	3
Foehre	3
Flatter	3
Fieber	3
Fachhochschule	3
Etiquette	3
Eskapade	3
Epidemiologe	3
Entfessel	3
Enter	3
Einöde	3
Doerre	3
Dialyse	3
Dengel	3
Chaussee	3
Buerge	3
Brigantine	3
Bolognese	3
Boller	3
Bimmel	3
Bibliografie	3
Bibel	3
Berufsschule	3
Barkarole	3
Ausleihe	3
Ausbeute	3
Artillerie	3
Arachnologe	3
Aporie	3
Apologie	3
Anrichte	3
Androloge	3
Ablöse	3
Äußer	2
Zwischenwasser	2
Zwinker	2
Zoologie	2
Zigeuner	2
Zertrümmer	2
Zeitnahme	2
Wider	2
Weitwinkel	2
Viertel	2
Vesper	2
Veränder	2
Verstümmel	2
Verlage	2
Verhandel	2
Vakzine	2
Usance	2
Tunnel	2
Truthenne	2
Tristesse	2
Trilogie	2
Triennale	2
Triefauge	2
Sudanese	2
Strampelhose	2
Stereotypie	2
Spionage	2
Spachtel	2
Sinekure	2
Senkrechte	2
Sendbote	2
Sellerie	2
Schwitze	2
Schuster	2
Schnorchel	2
Salzsäure	2
Rückscheibe	2
Räucher	2
Rätsel	2
Rosinante	2
Roete	2
Revanche	2
Renaissance	2
Reiher	2
Raffinade	2
Quaddel	2
Psychodroge	2
Prügel	2
Prärie	2
Prickel	2
Poker	2
Poesie	2
Pluderhose	2
Plauder	2
Pinkel	2
Pickel	2
Phlegmone	2
Philharmonie	2
Pflaster	2
Petitesse	2
Patience	2
Pastorale	2
Osteoporose	2
Oligarchie	2
Nordmannstanne	2
Nachhilfe	2
Mäkel	2
Mythologe	2
Moralie	2
Mitsprache	2
Mitose	2
Mitnahme	2
Mistel	2
Missernte	2
Metrage	2
Madrilene	2
Läster	2
Lorgnette	2
Liefer	2
Laote	2
Langeweile	2
Köder	2
Kuppel	2
Kruecke	2
Klicker	2
Kicher	2
Kenter	2
Kamikaze	2
Ionie	2
Infanterie	2
Ikonostase	2
Idiosynkrasie	2
Hyperbel	2
Historiographie	2
Hegemonie	2
Hechel	2
Gondel	2
Glätte	2
Glucker	2
Glieder	2
Gerie	2
Gerbsäure	2
Genetalie	2
Futurologe	2
Fussel	2
Flüster	2
Flipper	2
Fiber	2
Festnahme	2
Fessel	2
Fernsehaufnahme	2
Ethie	2
Erweiter	2
Ermitage	2
Epikrise	2
Entschlüssel	2
Elektronie	2
Dreigroschenoper	2
Donner	2
Direktrice	2
Dichotomie	2
Destillerie	2
Dankesrede	2
Concierge	2
Choreographie	2
Bürgermeister	2
Bibliomane	2
Bezugnahme	2
Berlinale	2
Bembel	2
Bekanntgabe	2
Balkanese	2
Bagage	2
Ausdauer	2
Attitude	2
Assyriologe	2
Assel	2
Apoptose	2
Alkalde	2
Akne	2
Achsel	2
Absteige	2
Abhilfe	2
Abfolge	2
Abfeuer	2
Überentnahme	1
Ökonomie	1
Zügel	1
Zöger	1
Zykadee	1
Zwitscher	1
Zwischenspeicher	1
Zwiesprache	1
Zuliefer	1
Zuhilfe	1
Zivilie	1
Zionie	1
Zierde	1
Zerschmetter	1
Xanthippe	1
Wucher	1
Witzel	1
Wimmer	1
Wieher	1
Wickel	1
Wichtel	1
Wendel	1
Wegnahme	1
Wandel	1
Wackel	1
Wachtel	1
Vulgarie	1
Vorwärtsblätter	1
Vorsteuer	1
Vorsprache	1
Vorspiegel	1
Vorschule	1
Vormauer	1
Vorauslage	1
Vorannahme	1
Verweiger	1
Verwandel	1
Versteiger	1
Versiegel	1
Verschlüssel	1
Verringer	1
Verriegel	1
Vermittel	1
Verkupfer	1
Verhedder	1
Veranker	1
Vedette	1
Unwille	1
Ungnade	1
Unglaube	1
Umzingel	1
Turtel	1
Turksprache	1
Trudel	1
Topografie	1
Tomografie	1
Tischler	1
Telefonie	1
Taper	1
Taiwanese	1
Tadel	1
Stöckel	1
Stubsnase	1
Strudel	1
Stoppel	1
Stippvisite	1
Stempel	1
Steiger	1
Spucke	1
Spitzel	1
Softdroge	1
Sklerose	1
Serigraphie	1
Sepharde	1
Senegalese	1
Schwuchtel	1
Schwindel	1
Schummel	1
Schrammel	1
Schnüffel	1
Schmunzel	1
Schmuggel	1
Schmetter	1
Schluessel	1
Schluder	1
Schizophrenie	1
Schindmähre	1
Schimmel	1
Sattel	1
Sabbel	1
Rüttel	1
Rüpel	1
Rückfahrkarte	1
Röntgenologe	1
Rätoromane	1
Räder	1
Runzel	1
Rueckleuchte	1
Romanie	1
Roetel	1
Roeste	1
Revue	1
Revenue	1
Restfeuchte	1
Reicher	1
Raster	1
Ranküne	1
Raffinesse	1
Radikalie	1
Quantie	1
Pustel	1
Puder	1
Psychotherapie	1
Psychiatrie	1
Prünelle	1
Prähistorie	1
Prophetie	1
Projektorie	1
Probeentnahme	1
Portiere	1
Polymerase	1
Polter	1
Politie	1
Plünder	1
Piraterie	1
Pinsel	1
Piaffe	1
Physiognomie	1
Phantasmagorie	1
Peruecke	1
Persiflage	1
Periphrase	1
Pegel	1
Patronage	1
Parfuemerie	1
Parese	1
Parenthese	1
Paratie	1
Parasitologe	1
Pachulke	1
Ozelle	1
Oxalsäure	1
Osteologe	1
Orangeade	1
Operie	1
Ontologe	1
Nässe	1
Nymphie	1
Niesel	1
Nepalese	1
Nebenlage	1
Nebel	1
Naturialie	1
Nachdiesel	1
Nachbastel	1
Nachaufnahme	1
Mümmel	1
Möbel	1
Mystie	1
Musicalie	1
Monopolie	1
Monomanie	1
Mohrruebe	1
Mitsegel	1
Mitfeier	1
Mitangel	1
Mispel	1
Milder	1
Methodologie	1
Menage	1
Mauser	1
Malaise	1
Majonäse	1
Mager	1
Löffel	1
Löcher	1
Locker	1
Limnologe	1
Lauer	1
Laktose	1
Laber	1
Kümmer	1
Kuschel	1
Kuller	1
Krümel	1
Kritie	1
Kreage	1
Konversatorie	1
Konfituere	1
Koffer	1
Knüppel	1
Knuddel	1
Knebel	1
Knatter	1
Klöppel	1
Klimper	1
Kleptomane	1
Klausel	1
Klassie	1
Kavalkade	1
Karambolage	1
Kanonade	1
Jubel	1
Jodel	1
Jeremiade	1
Institutie	1
Insektologe	1
Inobhutnahme	1
Indologe	1
Inbetriebnahme	1
Inaktivie	1
Igel	1
Ichthyologe	1
Hödie	1
Hänsel	1
Hämodialyse	1
Häkel	1
Hypermoder	1
Hundehuette	1
Hinterräder	1
Hingabe	1
Hineinschnupper	1
Herunterleier	1
Herausforder	1
Harlekinade	1
Handwerker	1
Hagel	1
Gründel	1
Grusel	1
Gourmandise	1
Glitzer	1
Gipfel	1
Ghanese	1
Geometrie	1
Geographie	1
Gemuese	1
Gelatine	1
Geiselnahme	1
Gavotte	1
Garderobiere	1
Fütter	1
Fürsprache	1
Fächer	1
Frottage	1
Fronde	1
Fritüre	1
Frankie	1
Fotographie	1
Forder	1
Filmografie	1
Fasel	1
Fasanerie	1
Fabel	1
Exenter	1
Exekutive	1
Exegese	1
Etuede	1
Erneuer	1
Epistel	1
Entwicklungshilfe	1
Entropie	1
Entlage	1
Emphase	1
Einwander	1
Einlager	1
Einkoppel	1
Einklammer	1
Einflüster	1
Einannahme	1
Ehrenloge	1
Dystrophie	1
Dystonie	1
Durchwander	1
Durchstöber	1
Durchblätter	1
Drossel	1
Dreingabe	1
Dramaturgie	1
Dompteuse	1
Diplomatie	1
Dezimale	1
Dendrologe	1
Demontage	1
Deckel	1
Daguerreotypie	1
Dackel	1
Chronologie	1
Charter	1
Cellulite	1
Bürokratie	1
Bunker	1
Bummel	1
Buller	1
Bruehe	1
Borreliose	1
Blubber	1
Blinker	1
Biopsie	1
Biologie	1
Bettel	1
Bemutter	1
Behinder	1
Behandel	1
Begeister	1
Becher	1
Bastonade	1
Bakteriie	1
Babbel	1
Auswechsel	1
Auswander	1
Aussteuer	1
Auskuppel	1
Ausfeder	1
Aurikel	1
Aufsammel	1
Asymmetrie	1
Ascorbinsäure	1
Arthroskopie	1
Arteriosklerose	1
Ariette	1
Arbitrage	1
Aragonese	1
Apnoe	1
Aphasie	1
Antipathie	1
Anthropophage	1
Anteilnahme	1
Anrempel	1
Anlächel	1
Anlager	1
Anheuer	1
Anflüster	1
Anatole	1
Analie	1
Amsel	1
Amnestie	1
Ambe	1
Aktivie	1
Adel	1
Abwickel	1
Abfackel	1
