Frau	485824
Mensch	414700
Person	218118
Nerv	192125
Nachricht	160294
Patient	141140
Senior	132250
Herr	128296
Schuld	126532
Student	126474
Stern	92105
Zahl	90641
Strahl	90270
Bank	88568
Gefahr	87094
Alp	84671
Gebühr	84181
Quant	73065
Art	72308
Tourist	72102
Million	71294
Spur	64571
Satellit	54835
Autor	54691
Held	51941
Bär	49307
Pirat	43593
Tour	43353
Partei	36273
Medikament	35683
Geburt	35011
Insekt	34920
Ohr	34777
Fürst	32793
Form	32675
Motor	32259
Zeitschrift	31537
Planet	31525
Staat	30966
Unterschrift	30444
Uhr	30020
Box	29208
Narr	28749
Elefant	28570
Ahn	28497
Generation	28390
Dokument	28029
Figur	27966
Soldat	27523
Architekt	27156
Elektron	26693
Welt	26538
Tracht	26015
Instrument	25852
Präsident	24850
Armatur	24083
Christ	23899
Favorit	22754
Fahrt	22542
Migrant	22202
Schrift	22132
Prinz	21997
Sponsor	21394
Dämon	20355
Konsument	19991
Journalist	19779
Bett	18299
Last	18159
Ion	17948
Hypothek	17243
Typ	16780
Minderheit	16731
Junior	16315
Storch	16062
Tat	14581
Kandidat	14384
Konfirmand	14381
Priorität	14206
Zeit	13729
Pilot	13483
Lieferant	13342
Graf	12877
Rebell	12362
Norm	12256
Jesuit	12251
Referent	11910
Gewalt	11851
Investor	11786
Neutron	11165
Automat	11131
Pflicht	10539
Dorn	9692
Skulptur	9493
Chromosom	9280
Etikett	9203
Agent	9044
Hahn	9030
Zar	9015
Gezeit	8919
Burg	8839
Schlacht	8832
Jurist	8621
Papagei	8551
Produzent	8430
Katholik	8048
Zutat	7921
Einheit	7787
Professor	7480
Gesell	7009
Zeh	6938
Absolvent	6783
Strauß	6764
Elb	6743
Moderator	6479
Antiquität	6394
Repräsentant	6233
Photon	6230
Hausfrau	6225
Partisan	6144
Frist	5787
Reservist	5744
Praktikant	5692
Komet	5679
Altlast	5573
Mandant	5508
Spezialität	5329
Dirigent	5274
Proton	5262
Terrorist	5260
Doktorand	5148
Handschrift	5143
Gendarm	5043
Asteroid	4913
Pfau	4909
Dozent	4887
Parasit	4802
Veteran	4751
Schicht	4701
Prophet	4509
Diplomat	4503
Spatz	4419
Nation	4403
Husar	4351
Fink	4156
Interessent	4048
Fotograf	4004
Institution	3935
Philosoph	3901
Gladiator	3847
Barbar	3846
Mohr	3833
Diät	3781
Komponist	3697
Idiot	3654
Analyst	3607
Telegraf	3553
Pastor	3524
Pfarrei	3521
Sozialist	3492
Jungfrau	3476
Meteorit	3441
Prototyp	3419
Telegraph	3400
Spezialist	3390
Psychotherapeut	3370
Therapeut	3352
Sektor	3336
Mentor	3320
Isotop	3199
Solist	3194
Juwel	3141
Exot	3079
Polizist	3017
Station	3007
Nationalität	3005
Schelm	2986
Adressat	2977
Sudet	2973
Kronprinz	2954
Depp	2953
Annuität	2939
Faktor	2935
Assistent	2921
Leopard	2900
Prinzregent	2871
Schott	2809
Thrombozyt	2808
Kapitalist	2767
Paragraph	2711
Klient	2690
Instanz	2686
Star	2639
Primat	2633
Klausur	2594
Artist	2544
Indikator	2526
Direktor	2522
Abonnent	2492
Kommunist	2461
Ministrant	2451
Rekrut	2438
Baptist	2429
Süßigkeit	2409
Front	2391
Neuheit	2383
Kamerad	2353
Kadett	2350
Obligation	2330
Frisur	2326
Ministerpräsident	2322
Bütt	2301
Astronaut	2292
Vasall	2284
Kommandant	2258
Untertan	2226
Multiplikator	2223
Bandit	2163
Abiturient	2138
Asylant	2104
Musikant	2099
Kommentator	2086
Traktor	2057
Aktivität	2051
Rektor	1990
Karikatur	1974
Greis	1964
Tutor	1954
Athlet	1953
Tyrann	1879
Zitat	1854
Poet	1847
Funktion	1829
Anschrift	1826
Psalm	1821
Hussit	1809
Statut	1768
Statist	1767
Oberst	1760
Bahn	1760
Schlucht	1759
Kontur	1751
Analphabet	1749
Trabant	1745
Garant	1729
Mahlzeit	1720
Kosak	1718
Adduktor	1702
Eigenschaft	1697
Vorschrift	1695
Rotator	1691
Hemd	1677
Chirurg	1672
Emigrant	1652
Kuriosität	1636
Inschrift	1609
Sakrament	1600
Proband	1530
Fabrikant	1491
Sensor	1488
Korrespondent	1480
Organist	1477
Immigrant	1477
Region	1468
Stipendiat	1454
Lobbyist	1440
Glut	1407
Bub	1404
Literat	1390
Rarität	1357
Bürokrat	1345
Fakultät	1339
Miniatur	1330
Senator	1329
Schwerion	1321
Diakon	1304
Leukozyt	1290
Informant	1289
Emittent	1258
Kolonist	1255
Passant	1242
Geiß	1242
Kreditor	1194
Hatz	1188
Transformator	1169
Signatur	1164
Gradient	1157
Marsch	1154
Billion	1146
Gracht	1144
Islamist	1123
Datei	1120
Chaot	1115
Regent	1098
Lektor	1095
Hydrant	1086
Kreatur	1085
Produkt	1084
Germanist	1081
Rubrik	1074
Aktivist	1070
Mennonit	1060
Administrator	1054
Herz	1052
Lausbub	1042
Alm	1034
Separatist	1032
Konditor	1023
Kondition	1021
Fissur	1006
Überschrift	1004
Intendant	993
Differenz	990
Bö	988
Diskothek	986
Prolet	982
Fracht	976
Option	964
Karmelit	956
Fähigkeit	950
Extremität	946
Faschist	938
Requisit	935
Zyklop	927
Kation	923
Mutant	911
Eremit	906
Nachtigall	897
Zins	875
Methodist	875
Extremist	865
Schalmei	855
Rezipient	853
Sicherheit	843
Zensur	825
Dukat	813
Illuminat	806
Paragraf	794
Trappist	787
Philatelist	786
Hanseat	786
Chronist	786
Titan	784
Evangelist	774
Konkurrent	746
Zionist	721
Schmerz	717
Werft	713
Gigant	711
Bibliothek	703
Polyp	695
Kantor	680
Pianist	677
Kurator	674
Ulan	672
Kakerlak	661
Florist	652
Gestalt	650
Prälat	649
Interpret	646
Antwort	641
Dissident	635
Miliz	631
Mediator	626
Maschinist	618
Aliment	617
Patriarch	613
Rassist	604
Lymphozyt	600
Liegenschaft	597
Protektor	594
Kalif	590
Textur	587
Gnom	584
Protestant	581
Fock	572
Kultur	571
Mast	558
Diktator	551
Internist	547
Dezernent	546
Pensionist	537
Vagabund	528
Humanist	528
Sanktion	521
Lemur	515
Kastrat	514
Koeffizient	508
Notiz	505
Koordinator	505
Moritat	503
Fachschaft	498
Spekulant	497
Vorfahr	496
Nut	494
Adept	490
Gardist	489
Alchemist	489
Schiit	486
Juror	485
Gebuehr	473
Videothek	472
Relation	471
Aristokrat	468
Quotient	467
Alchimist	466
Kompressor	464
Astronom	464
Argonaut	455
Atheist	452
Restaurator	441
Disziplin	441
Ökonom	440
Inspektor	440
Generator	436
Organisator	435
Rezeptor	426
Geograph	424
Positron	415
Projektor	414
Bucht	414
Anarchist	414
Mehrheit	406
Patriot	400
Kur	398
Separator	396
Kompetenz	395
Saat	389
Vagant	388
Doktor	383
Stereotyp	382
Initiator	374
Gitarrist	370
Elephant	367
Sympathisant	360
Residenz	357
Kosmonaut	355
Komödiant	355
Prozedur	351
Jeck	350
Auditor	350
Quadrant	349
Asket	349
Satanist	346
Protagonist	344
Demonstrant	343
Cäsar	343
Rotor	341
Putschist	341
Wehr	340
Nudist	339
Basilisk	338
Advokat	338
Janitschar	322
Katechet	320
Minorität	319
Transvestit	315
Ventilator	314
Varietät	309
Rast	305
Äon	297
Kapazität	297
Variation	296
Kontrahent	295
Gratulant	294
Demokrat	294
Monarch	293
Akkumulator	292
Sportart	291
Optimist	291
Diplomand	290
Hostess	289
Ansicht	282
Neuigkeit	280
Dilettant	278
Dynast	274
Information	270
Dendrit	270
Oligarch	266
Ammonit	265
Aktualität	265
Archetyp	262
Finalist	259
Trilobit	257
Rezensent	257
Akrobat	256
Denunziant	253
Redemptorist	252
Prädikant	252
Freizeit	252
Debütant	249
Datenbank	248
Instruktor	245
Referenz	243
Wahl	241
Affekt	239
Bark	238
Romanist	237
Kombattant	236
Vektor	235
Lektion	235
Despot	234
Sentenz	230
Symbiont	227
Cineast	222
Kollektor	219
Gamet	219
Gastronom	217
Proselyt	216
Fabrik	213
Aktion	212
Potentat	211
Zivilist	208
Generalist	207
Eunuch	207
Kür	203
Technokrat	202
Gutschrift	202
Pulp	198
Prozessor	198
Naturist	198
Schau	197
Assessor	196
Optimat	194
Buddhist	194
Lakai	193
Nationalist	192
Schiebetür	187
Obelisk	187
Zentralbank	185
Superintendent	183
Gymnasiast	183
Zentaur	182
Absenz	181
Radiator	179
Alligator	178
Psychopath	177
Idealist	177
Adjutant	177
Galerist	176
Schar	175
Querulant	174
Portion	174
Mentalität	172
Transistor	171
Terz	171
Obrist	171
Antagonist	165
Drogist	164
Photograph	162
Illustrator	160
Frequenz	160
Magnat	159
Inserent	159
Derivat	159
Aszendent	159
Konvertit	157
Adventist	157
Pazifist	154
Maoist	154
Kommanditist	154
Geodät	154
Orientalist	153
Laborant	153
Struktur	151
Bassist	151
Brillant	150
Universität	149
Konfirmant	148
Hensch	146
Realität	145
Kulak	144
Zapatist	143
Fundamentalist	143
Feminist	142
Indikation	141
Kondensator	140
Kabarettist	139
Dimension	139
Editor	138
Substanz	137
Version	136
Kanak	136
Karnevalist	134
Operator	133
Kopist	131
Graviton	131
Detektor	131
Uniform	130
Publizist	128
Exorzist	127
Dramaturg	127
Dekabrist	127
Möglichkeit	124
Furt	124
Famulant	124
Egoist	124
Publikation	123
Autist	123
Minimalist	122
Identität	121
Finanz	121
Disponent	121
Klinik	116
Exulant	116
Majestät	115
Faktur	115
Sicht	113
Membran	112
Fuerst	112
Reflektor	111
Krankheit	111
Beiz	111
Resident	110
Religion	109
Konservator	109
Verb	108
Innerei	108
Bilanz	108
Katalysator	107
Chartist	107
Agentur	107
Protuberanz	106
Kentaur	106
Deskriptor	106
Bolschewist	106
Traditionalist	105
Fraktion	105
Kritik	103
Protz	102
Drehzahl	102
Vision	101
Revisor	101
Exponent	101
Diktatur	101
Telepath	100
Distributor	99
Kolumnist	98
Valor	97
Kreationist	97
Alpinist	97
Stewardess	96
Inspizient	96
Initiat	96
Expressionist	96
Anglist	96
Linguist	95
Intrigant	95
Surrealist	94
Pietist	94
Novität	94
Emotion	94
Temperatur	93
Sektion	93
Magyar	93
Jacht	93
Revisionist	91
Kontraktur	91
Kinematograph	91
Individualist	90
Trift	89
Renegat	89
Imperator	89
Projekt	88
Singularität	86
Populist	86
Helot	86
Habilitand	86
Polarität	85
Konrektor	85
Augur	85
Position	84
Megalith	84
Isolator	82
Triton	81
Sequenz	79
Lizenz	79
Terminator	78
Pension	78
Kriminalist	78
Seminarist	77
Präfekt	77
Brauerei	77
Triathlet	76
Botschaft	76
Supervisor	75
Superior	75
Zelot	74
Rekonvaleszent	74
Konsulent	74
Impressionist	74
Evolvent	72
Zensor	71
Mittelschicht	71
Konstitution	71
Imperialist	71
Externist	71
Vollmacht	70
Exponat	70
Choreograf	70
Opportunist	69
Sadist	68
Qual	68
Purist	68
Simulator	67
Revanchist	67
Replikator	67
Vormensch	66
Reform	66
Autorität	66
Pessimist	65
Koalition	65
Arbeit	65
Stalagmit	64
Innovator	64
Artillerist	64
Päderast	63
Metropolit	62
Lithograph	62
Konsequenz	62
Flut	62
Choreograph	62
Dentist	61
Allianz	61
Reformator	60
Qualität	60
Reaktor	59
Pfalz	59
Operation	59
Militarist	59
Kartograph	59
Israelit	59
Geck	59
Dissonanz	59
Referat	58
Monopolist	58
Entität	58
Oszillator	57
Organisation	57
Expedient	57
Resistenz	56
Lizentiat	56
Injektor	56
Elektor	56
Tätigkeit	55
Tastatur	55
Spartakist	55
Präferenz	55
Gruft	55
Trotzkist	54
Hospitant	54
Apostroph	54
Yacht	53
Proportion	53
Navigator	53
Migrat	53
Rezeptur	52
Nationalsozialist	52
Humorist	52
Homöopath	52
Flagellant	52
Einsicht	52
Bolschewik	52
Rezension	51
Prädiktor	51
Monolith	51
Lesart	51
Erfahrung	51
Sunnit	50
Substituent	50
Subskribent	50
Stirn	50
Rüstzeit	50
Prokurist	50
Moralist	50
Marxist	50
Kollegiat	50
Brigant	50
Stabilisator	49
Sandinist	49
Präparator	49
Modist	49
Manier	49
Chronik	49
Chauvinist	49
Seismograph	48
Kommissur	48
Inquisitor	48
Essenz	48
Enthusiast	48
Dissertation	48
Mission	47
Mechanist	47
Anthroposoph	47
Wiedergeburt	46
Simulant	46
Flüssigkeit	46
Aktor	46
Koloratur	45
Ignorant	45
Formalität	45
Donator	45
Autobahn	45
Anstalt	45
Spiritist	44
Sextant	44
Insurgent	44
Emulator	44
Aspirant	44
Uigur	43
Nachzucht	43
Korrektur	43
Hobbyist	43
Futurist	43
Fachidiot	43
Tribun	42
Proponent	42
Masochist	42
Domestik	42
Doktrin	42
Repräsentat	41
Monarchist	41
Kopilot	41
Ästhet	40
Schur	40
Radiant	40
Partitur	40
Observant	40
Karikaturist	40
Grossist	40
Visitator	39
Tabulator	39
Konvektor	39
Instrumentalist	39
Stylist	38
Sophist	38
Schwingung	38
Provinz	38
Papist	38
Modalität	38
Korrektor	38
Client	38
Semit	37
Delinquent	37
Alevit	37
Alawit	37
Vorwahl	36
Sekundant	36
Rotgardist	36
Professur	36
Legion	36
Immunität	36
Einstellung	36
Distribution	36
Castor	36
Unionist	35
Qualifikant	35
Präparat	35
Muselman	35
Kyklop	35
Genotyp	35
Banalität	35
Anästhesist	35
Straßenbahn	34
Statistik	34
Seltenheit	34
Lokalität	34
Bikomponent	34
Archont	34
Lasur	33
Geront	33
Föderat	33
Exhibitionist	33
Disparität	33
Royalist	32
Monstrosität	32
Invasor	32
Interpretant	32
Foliant	32
Bandagist	32
Abduktor	32
Technik	31
Sergeant	31
Regulator	31
Redaktor	31
Rationalität	31
Probant	31
Modernist	31
Distanz	31
Scholar	30
Pharmazeut	30
Manufaktur	30
Hornist	30
Hedonist	30
Forderung	30
Divident	30
Diskutant	30
Arrestant	30
Slawist	29
Replik	29
Repetent	29
Plattform	29
Phantast	29
Mixtur	29
Initiant	29
Sexist	28
Raiffeisenbank	28
Potenz	28
Plutokrat	28
Okkultist	28
Mensur	28
Mannschaft	28
Konföderation	28
Karrierist	28
Vakanz	27
Tradition	27
Stalinist	27
Seilschaft	27
Rah	27
Motorist	27
Ligatur	27
Heliostat	27
Grafik	27
Geist	27
Feuilletonist	27
Fachfrau	27
Abart	27
Mitmensch	26
Maronit	26
Informat	26
Existenzialist	26
Exeget	26
Apokryph	26
Taoist	25
Stator	25
Prokurator	25
Parität	25
Nonkonformist	25
Liquidator	25
Imitator	25
Dispositor	25
Cellist	25
Alarmist	25
Schonzeit	24
Promovend	24
Profession	24
Konvention	24
Kommission	24
Definition	24
Charakteristik	24
Rezitator	23
Kompensator	23
Kinemathek	23
Filialist	23
Existentialist	23
Emission	23
Diversant	23
Broschur	23
Anatom	23
Telefonist	22
Resonanz	22
Reparatur	22
Predigt	22
Posaunist	22
Ortschaft	22
Nebenprodukt	22
Illusionist	22
Ergotherapeut	22
Eisenbahn	22
Cartoonist	22
Attraktion	22
Vibrator	21
Substitut	21
Spezerei	21
Situation	21
Schwierigkeit	21
Realist	21
Reaktion	21
Ration	21
Quadrat	21
Prätendent	21
Prior	21
Missgeburt	21
Lithograf	21
Leckerei	21
Konferenz	21
Garnitur	21
Farm	21
Energie	21
Automobilist	21
Autokrat	21
Andacht	21
Aggregator	21
Versicherung	20
Tinktur	20
Registrator	20
Perfektionist	20
Misanthrop	20
Konfession	20
Komposit	20
Infanterist	20
Deputant	20
Deformität	20
Calvinist	20
Altarist	20
Trillion	19
Provenienz	19
Partition	19
Parodist	19
Mechanik	19
Kleinigkeit	19
Kandidatur	19
Hoheit	19
Evaluator	19
Duellant	19
Desinfektor	19
Ausfahrt	19
Amerikanist	19
Xerophyt	18
Tugend	18
Sämerei	18
Präposition	18
Phänotyp	18
Kausalität	18
Kanzlei	18
Gottheit	18
Bacchant	18
Altruist	18
Adorant	18
Weisheit	17
Toleranz	17
Thomist	17
Remittent	17
Pedant	17
Konfident	17
Glasur	17
Feuerwehr	17
Dompfaff	17
Divisor	17
Deputat	17
Buerokrat	17
Assoziation	17
Applikation	17
Zäsur	16
Wahhabit	16
Summand	16
Polygamist	16
Plastik	16
Milz	16
Metallurg	16
Majorität	16
Laudator	16
Kosmopolit	16
Koordinant	16
Kombination	16
Innovation	16
Impression	16
Fetischist	16
Festivität	16
Externalität	16
Demoskop	16
Aufsicht	16
Wahrscheinlichkeit	15
Saxophonist	15
Ritualist	15
Propagandist	15
Polizei	15
Lagerist	15
Kapitulant	15
Interpolation	15
Illusion	15
Gesellschaft	15
Formation	15
Flötist	15
Dadaist	15
Chemikant	15
Besonderheit	15
Barograph	15
Alkali	15
Übung	14
Zeitung	14
Transaktion	14
Taktik	14
Sueßigkeit	14
Obskurität	14
Nihilist	14
Materialist	14
Landschaft	14
Kontaminant	14
Konstellation	14
Kolonisator	14
Kalligraph	14
Investition	14
Duellist	14
Diskussion	14
Destination	14
Zelebrant	13
Tu	13
Sexualität	13
Rendant	13
Regierung	13
Präzeptor	13
Produktion	13
Melodram	13
Mediathek	13
Kooperation	13
Klamm	13
Hydrograph	13
Honorat	13
Funktionalität	13
Eurokrat	13
Dienstleistung	13
Beziehung	13
Auktion	13
Apostat	13
Aggressor	13
Afrikanist	13
Adressant	13
Wahrheit	12
Varianz	12
Traktorist	12
Trafikant	12
Totalisator	12
Tendenz	12
Subvention	12
Rotarmist	12
Rechnung	12
Präsentation	12
Leistung	12
Leichtathlet	12
Kalamität	12
Ismaelit	12
Inkubator	12
Hermaphrodit	12
Delegat	12
Bratschist	12
Bedingung	12
Auktionator	12
Animist	12
Abolitionist	12
Unmensch	11
Umwelt	11
Theosoph	11
Selektor	11
Rundtour	11
Repräsentanz	11
Plagiator	11
Persönlichkeit	11
Opponent	11
Naturalist	11
Monstranz	11
Klarinettist	11
Kanonist	11
Intensität	11
Instruktion	11
Infant	11
Gravur	11
Geomant	11
Fron	11
Fraktur	11
Elevator	11
Effektor	11
Demiurg	11
Dekoration	11
Autodidakt	11
Arznei	11
Apparatur	11
Animator	11
Agitator	11
Aggregat	11
Zuschrift	10
Variat	10
Utopist	10
Tomograph	10
Tempomat	10
Stressor	10
Republik	10
Repetitor	10
Reformist	10
Rationalist	10
Posteriorität	10
Lorbeer	10
Lehnsherr	10
Kooperator	10
Kavallerist	10
Kalvinist	10
Jugend	10
Intimität	10
Inhibitor	10
Infiltrator	10
Immigrat	10
Heiduck	10
Flexor	10
Existenz	10
Deszendent	10
Brut	10
Werkstaett	9
Starost	9
Sensitivität	9
Reagent	9
Prim	9
Praktik	9
Population	9
Petent	9
Meisterschaft	9
Major	9
Länderei	9
Koproduzent	9
Komplikation	9
Inkarnation	9
Handlung	9
Girondist	9
Figurant	9
Experimentator	9
Edition	9
Determinat	9
Demerit	9
Defibrillator	9
Ausstellung	9
Aufschrift	9
Attraktor	9
Applikator	9
Apologet	9
Anachoret	9
Affinität	9
Adoptant	9
Zivilisation	8
Untat	8
Symbolist	8
Natur	8
Mutation	8
Metrik	8
Lehrbub	8
Köstlichkeit	8
Korrelation	8
Konstruktor	8
Kommunität	8
Kommunikator	8
Gelegenheit	8
Gegend	8
Freiheit	8
Errungenschaft	8
Emulgator	8
Demonstrator	8
Behandlung	8
Bankomat	8
Animation	8
Abderit	8
Übersicht	7
Vorarbeit	7
Violinist	7
Variator	7
Syndikalist	7
Spezifikation	7
Sodomit	7
Rivalität	7
Registrant	7
Redaktion	7
Quantität	7
Plausibilität	7
Okkupant	7
Mutat	7
Moralität	7
Laureat	7
Kovariat	7
Insolvenz	7
Hochzeit	7
Gewerkschaft	7
Geograf	7
Garnison	7
Erinnerung	7
Ehrendoktor	7
Defätist	7
Bücherei	7
Bäckerei	7
Bindung	7
Bastion	7
Avantgardist	7
Allmend	7
Aktionist	7
Akelei	7
Agronom	7
Achterbahn	7
Zitant	6
Vorstellung	6
Turbulenz	6
Trivialität	6
Tabulatur	6
Spekulat	6
Sozietät	6
Schweigepflicht	6
Saprophyt	6
Rüstung	6
Reparation	6
Psalmist	6
Präsentator	6
Promotion	6
Partizipant	6
Obszönität	6
Motivator	6
Meldung	6
Litanei	6
Kumulant	6
Korrespondenz	6
Korporation	6
Konzession	6
Kontraktor	6
Kontorist	6
Konsonanz	6
Konfiguration	6
Komposition	6
Kommödiant	6
Kollektion	6
Kolik	6
Kartograf	6
Kartei	6
Kantonist	6
Illuminant	6
Heuristik	6
Gemeinheit	6
Freundschaft	6
Examinator	6
Etatist	6
Erlaucht	6
Dialysator	6
Destruent	6
Depression	6
Delegation	6
Chorist	6
Auszeit	6
Assonanz	6
Anzahl	6
Abkürzung	6
Wirkung	5
Usurpator	5
Triumphator	5
Theokrat	5
Telegrafist	5
Stenotypist	5
Spekulation	5
Spannung	5
Sitzung	5
Schwadron	5
Scholarch	5
Rezept	5
Resultat	5
Positivist	5
Politik	5
Permanenz	5
Patenschaft	5
Oboist	5
Nudität	5
Mundschenk	5
Monotheist	5
Moderat	5
Metzgerei	5
Loyalität	5
Lebzeit	5
Laufbahn	5
Kryptograf	5
Krent	5
Kostbarkeit	5
Korrepetitor	5
Konstruktion	5
Konkurent	5
Konkordanz	5
Konklusion	5
Konjunktur	5
Konfirmat	5
Klimatist	5
Kadenz	5
Interpretation	5
Interaktion	5
Intelligenz	5
Illustration	5
Ikonoklast	5
Handarbeit	5
Gründerzeit	5
Grammatik	5
Gemeinschaft	5
Format	5
Formalist	5
Folklorist	5
Foederat	5
Flucht	5
Fazilität	5
Eventualität	5
Essayist	5
Diktant	5
Destruktor	5
Bummelant	5
Bemerkung	5
Architektur	5
Akzeptant	5
Akkordeonist	5
Akademist	5
Agglomeration	5
Aeronaut	5
Adjunkt	5
Adamit	5
Zentralist	4
Votant	4
Vorzeit	4
Voraussetzung	4
Varient	4
Transformat	4
Sykophant	4
Sutur	4
Spiritualist	4
Sozialstaat	4
Simulation	4
Sicherung	4
Richtung	4
Resultant	4
Restriktion	4
Resonator	4
Reformat	4
Quästor	4
Qualifikation	4
Professionist	4
Philanthrop	4
Petition	4
Peronist	4
Percussionist	4
Partnerschaft	4
Obrigkeit	4
Obliegenheit	4
Novellist	4
Negationist	4
Nebenwirkung	4
Nachgeburt	4
Mitfahrt	4
Literatur	4
Ligist	4
Lebenszeit	4
Laizist	4
Körperschaft	4
Kölsch	4
Konkurrenz	4
Konfigurator	4
Koeffizent	4
Klassifikator	4
Kinematograf	4
Kaustik	4
Kandidant	4
Kalfaktor	4
Kabbalist	4
Isolationist	4
Intention	4
Integrator	4
Infektion	4
Hiobsbotschaft	4
Hierarch	4
Heirat	4
Havarist	4
Halluzination	4
Geschwindigkeit	4
Fluessigkeit	4
Fiktion	4
Feinheit	4
Fallit	4
Expedition	4
Ethnograph	4
Einfahrt	4
Direktion	4
Dichtung	4
Demenz	4
Christdemokrat	4
Bestimmung	4
Bekanntschaft	4
Baulichkeit	4
Auswahl	4
Aufzucht	4
Artikulator	4
Anmerkung	4
Abteilung	4
Abtei	4
Absicht	4
Abfahrt	4
Wohnung	3
Vorlesung	3
Viecherei	3
Transparenz	3
Transparent	3
Transmission	3
Transaktor	3
Topograph	3
Titulatur	3
Thyristor	3
Theist	3
Tenorist	3
Tageszeitung	3
Synergist	3
Sukzessor	3
Skribent	3
Sezessionist	3
Sendung	3
Schweinerei	3
Reminiszenz	3
Regionalist	3
Reflexion	3
Rechtsstaat	3
Präparant	3
Präfektur	3
Prohibitionist	3
Primiziant	3
Politur	3
Polist	3
Perversität	3
Permutation	3
Paternalist	3
Ordonnanz	3
Notation	3
Neuerwerbung	3
Munition	3
Morphinist	3
Monetarist	3
Modifikation	3
Moderation	3
Meinung	3
Manierist	3
Librettist	3
Lexikograph	3
Leidenschaft	3
Korreferent	3
Koordination	3
Konzeptist	3
Kongruenz	3
Komtur	3
Kombinator	3
Koautor	3
Knabberei	3
Klaviatur	3
Jansenist	3
Jagd	3
Iteration	3
Internationalist	3
Interferenz	3
Integration	3
Integrant	3
Installation	3
Infusion	3
Infrastruktur	3
Improvisator	3
Honorator	3
Herostrat	3
Gewohnheit	3
Führung	3
Forschung	3
Faunist	3
Extravaganz	3
Expeditor	3
Expansionist	3
Evolutionist	3
Energist	3
Emigrat	3
Emanation	3
Einzelheit	3
Dummheit	3
Division	3
Destillat	3
Denunziat	3
Demonstrat	3
Deklamator	3
Degustator	3
Brutalität	3
Bigamist	3
Befürchtung	3
Bastei	3
Barograf	3
Auffahrt	3
Approximant	3
Anglizist	3
Angelegenheit	3
Adoptor	3
Absolutist	3
Örtlichkeit	2
Zucht	2
Ziegelei	2
Zelebrität	2
Xylograph	2
Wahrnehmung	2
Vorschau	2
Virtuosität	2
Umgebung	2
Umdrehung	2
Transplantation	2
Transplantat	2
Translation	2
Transformation	2
Tonsur	2
Tomograf	2
Subtilität	2
Substitution	2
Stylit	2
Stukkatur	2
Stiftung	2
Statistist	2
Spiritualität	2
Snobist	2
Situationist	2
Simulat	2
Siedlung	2
Sensation	2
Selektion	2
Schwangerschaft	2
Schiebetuer	2
Satzung	2
Rückfahrt	2
Räumlichkeit	2
Revolution	2
Revision	2
Restaurant	2
Respirator	2
Repräsentent	2
Rentent	2
Rehabilitation	2
Rehabilitant	2
Regeneration	2
Reederei	2
Rabulist	2
Psychist	2
Provision	2
Projektion	2
Potentialität	2
Polarisator	2
Poetik	2
Philosemit	2
Perversion	2
Perkussionist	2
Packung	2
Opposition	2
Oligopolist	2
Observator	2
Nebenkomponent	2
Mutator	2
Musik	2
Montur	2
Menschheit	2
Medizin	2
Meditation	2
Manipulator	2
Limitation	2
Liebelei	2
Latenz	2
Kryptograph	2
Korporatist	2
Koreferent	2
Konzept	2
Konzentrator	2
Konversator	2
Konstituant	2
Konjugation	2
Konfrontation	2
Kompilator	2
Kommunikation	2
Kollaborant	2
Kodifikation	2
Klinostat	2
Keramik	2
Kaution	2
Kalkulator	2
Judikator	2
Jainist	2
Investitor	2
Investigator	2
Inversion	2
Invention	2
Intuition	2
Intervention	2
Instrumentist	2
Instandsetzung	2
Ingredienz	2
Informator	2
Individualität	2
Implantat	2
Implantant	2
Ikonograph	2
Identifikation	2
Hypokrit	2
Hinduist	2
Herrschaft	2
Hannoversch	2
Habseligkeit	2
Haarspalterei	2
Gärtnerei	2
Grafschaft	2
Gegangen	2
Gefälligkeit	2
Gattung	2
Frankist	2
Fluktuation	2
Fist	2
Fantast	2
Fagottist	2
Exzellenz	2
Exterminat	2
Explosion	2
Explorator	2
Exekutor	2
Ethnograf	2
Eskapist	2
Enzyklopädist	2
Duplikat	2
Druckerei	2
Drift	2
Diversität	2
Distribuent	2
Dissertand	2
Diskontinuität	2
Dezision	2
Determinist	2
Deklarator	2
Defraudant	2
Deformator	2
Deduktion	2
Buett	2
Blessur	2
Besatzung	2
Bellizist	2
Begebenheit	2
Befindlichkeit	2
Bedienung	2
Ausfuhr	2
Atomist	2
Assistenz	2
Assimilat	2
Aquarellist	2
Applikant	2
Antireplikator	2
Analysator	2
Anabaptist	2
Ambulanz	2
Akzeptor	2
Aggression	2
Adaptor	2
Abprodukt	2
Abbreviatur	2
Abbildung	2
Überlast	1
Überfahrt	1
Äquivalenz	1
Zuwendung	1
Zuflucht	1
Zufahrt	1
Zuckung	1
Zivilisator	1
Zeptor	1
Währung	1
Witterung	1
Wissenschaft	1
Wirtschaft	1
Windung	1
Widmung	1
Wertigkeit	1
Weltmeisterschaft	1
Weisung	1
Vorleistung	1
Voluntarist	1
Viskosität	1
Verantwortung	1
Utilität	1
Ursprung	1
Upanischad	1
Unterstützung	1
Töpferei	1
Trapezist	1
Transmigrat	1
Transkription	1
Traditionist	1
Toxizität	1
Torheit	1
Tonalität	1
Testator	1
Territorialist	1
Telegraphist	1
Tektur	1
Tauchstation	1
Talmudist	1
Tagung	1
Synchronisation	1
Subkonstituent	1
Subagent	1
Strömung	1
Strukturalist	1
Strahlung	1
Stimmung	1
Stilist	1
Sterilisator	1
Stellung	1
Stallung	1
Stabilität	1
Staatsanwaltschaft	1
Spinnerei	1
Spezifität	1
Spekulator	1
Spektabilität	1
Sozialisation	1
Sopranist	1
Sentimentalität	1
Sensibilität	1
Seelenhirt	1
Schöpfung	1
Schwellung	1
Schraffur	1
Schonung	1
Schonfrist	1
Schlafenszeit	1
Schamanist	1
Schalung	1
Saxofonist	1
Sammlung	1
Sadomasochist	1
Rezirkulier	1
Rezession	1
Rezeption	1
Revolutionist	1
Revident	1
Resolution	1
Resignat	1
Repräsentation	1
Reproduktion	1
Repetant	1
Reinkarnation	1
Regularität	1
Reduzent	1
Redundanz	1
Reakt	1
Raa	1
Quietist	1
Qualifikat	1
Quadrier	1
Quadratur	1
Präsidentschaft	1
Präsentant	1
Präraffaelit	1
Provokation	1
Proklamation	1
Progressist	1
Professionalist	1
Plastinat	1
Pilar	1
Physiognom	1
Philanthropist	1
Perzept	1
Personalität	1
Personalist	1
Perkussion	1
Penetrator	1
Partizipation	1
Partikularist	1
Pantheist	1
Pamphletist	1
Ovation	1
Opportunität	1
Operist	1
Obstruent	1
Observation	1
Observat	1
Niederlassung	1
Neuerung	1
Neofaschist	1
Navigation	1
Nahrung	1
Nachprodukt	1
Müdigkeit	1
Multiplikation	1
Motivation	1
Motion	1
Mortalität	1
Monokultur	1
Molkerei	1
Moeglichkeit	1
Modeschau	1
Missetat	1
Missbildung	1
Migration	1
Metakonsument	1
Manipulation	1
Manipulant	1
Malerei	1
Makulatur	1
Machart	1
Läsion	1
Lumineszenz	1
Lotion	1
Losung	1
Lineatur	1
Liebschaft	1
Lesung	1
Leitung	1
Legalisation	1
Kurzweil	1
Kuer	1
Kreuzung	1
Kreation	1
Krankengymnast	1
Korrosion	1
Korrigent	1
Korrelat	1
Koordinent	1
Konversion	1
Konvergenz	1
Kontingenz	1
Kontaminat	1
Konsultation	1
Konspirator	1
Konkretion	1
Kongregation	1
Kompilation	1
Kompensation	1
Komoediant	1
Komoderator	1
Kommutator	1
Kommunikat	1
Kommandantur	1
Kollision	1
Kollation	1
Kokurator	1
Kokerei	1
Koinzidenz	1
Kofaktor	1
Koadjutor	1
Kennung	1
Kemalist	1
Kelterei	1
Karenz	1
Kapitalistist	1
Kantorei	1
Kalligraf	1
Judikat	1
Judaist	1
Iterator	1
Ionisator	1
Inzucht	1
Investitur	1
Inventur	1
Interventionist	1
Interpolator	1
Interagent	1
Intellektualist	1
Instandhaltung	1
Inspektion	1
Inkompetenz	1
Inklusion	1
Inhalator	1
Induktor	1
Indiktator	1
Indifferenz	1
Implikation	1
Immission	1
Imitation	1
Imitat	1
Illuminator	1
Ikonograf	1
Identifikator	1
Hyperkondensator	1
Hydrat	1
Hundertschaft	1
Hoffnung	1
Hinsicht	1
Hierophant	1
Hemmung	1
Hebraist	1
Harmonist	1
Halterung	1
Gravitation	1
Grausamkeit	1
Graphik	1
Granulator	1
Granulat	1
Gesandtschaft	1
Gerätschaft	1
Gerberei	1
Genossenschaft	1
Generatur	1
Genehmigung	1
Föderation	1
Furiosität	1
Frechheit	1
Fortbildung	1
Formator	1
Floetist	1
Figurat	1
Festung	1
Fermentation	1
Feindschaft	1
Fanatist	1
Famulatur	1
Extension	1
Exkursion	1
Exkommunist	1
Exklusivität	1
Exagent	1
Evolution	1
Ergonom	1
Endung	1
Empfindung	1
Emotionalität	1
Emmission	1
Elastizität	1
Einsaat	1
Eingebung	1
Durchsicht	1
Dunkelheit	1
Dramatist	1
Dokumentation	1
Dokumentat	1
Divergenz	1
Disqualifikation	1
Disputant	1
Dispensation	1
Diskriminator	1
Diarist	1
Diagnostik	1
Devastator	1
Desinformation	1
Deodorant	1
Denunziator	1
Denomination	1
Demonstration	1
Delirant	1
Deklination	1
Deklaration	1
Deklarant	1
Defaitist	1
Debuetant	1
Datu	1
Daguerreotypist	1
Bürokratist	1
Bürgschaft	1
Byzantinist	1
Buchhandlung	1
Buchführung	1
Bruderschaft	1
Brigadist	1
Bonapartist	1
Bibliograph	1
Bezeichnung	1
Bereitschaft	1
Belcantist	1
Belastung	1
Behinderung	1
Automatist	1
Aussaat	1
Aufwendung	1
Aufstellung	1
Aufmerksamkeit	1
Attraktivität	1
Assimilant	1
Artikulation	1
Arkanist	1
Argumentation	1
Argumentat	1
Arbitrator	1
Aquanaut	1
Apologist	1
Apertur	1
Anwesenheit	1
Antizipation	1
Antikurator	1
Annalist	1
Animosität	1
Angewohnheit	1
Anfahrt	1
Andeutung	1
Ambivalenz	1
Ambiguität	1
Altist	1
Alphabetisator	1
Allgemeinheit	1
Alkoholist	1
Akzidenz	1
Akzelerator	1
Affirmation	1
Adoption	1
Adoleszenz	1
Administrant	1
Abmessung	1
Ablagerung	1
Aberration	1
Abduktion	1
