Gast	231965
Stadt	83934
Gans	66323
Fachkraft	41176
Kraft	31107
Aushang	25913
Maus	20656
Stand	18751
Hand	16620
Zahn	14891
Frucht	9359
Rat	7289
Umhang	6411
Anhang	6137
Hut	3290
Verband	2711
Streitkraft	2703
Spruch	2532
Hausarzt	2445
Laus	2403
Gang	2192
Pott	2013
Verschluss	1629
Span	1275
Ball	1192
Hof	1153
Magd	1146
Bezug	1111
Flug	984
Stuhl	920
Einkunft	844
Macht	783
Bestand	592
Saft	585
Band	541
Pass	502
Baum	489
Koch	475
Anwalt	353
Bund	340
Plan	304
Wunsch	301
Fuß	285
Beschlag	243
Kopf	237
Traum	230
Luft	227
Sturz	223
Zug	213
Markt	193
Sack	192
Nuss	187
Bug	180
Schluss	173
Kuh	173
Korb	172
Stamm	170
Anfang	170
Aufschluss	160
Entschluss	156
Platz	155
Vorstand	148
Abhang	147
Knopf	139
Beitrag	139
Landrat	138
Braut	135
Busch	123
Sang	120
Beirat	115
Kanal	114
Wolf	112
Vorhang	112
Ton	109
Empfang	109
Grund	107
Fluss	107
Haut	104
Frosch	102
Rank	101
Hahn	99
Schatz	93
Rock	91
Staub	86
Stock	83
Faust	83
Turm	82
Wand	80
Nacht	77
Fuchs	75
Balg	74
Rang	71
Topf	69
Maßstab	67
Pflug	63
Strumpf	62
Arbeitsplatz	59
Bank	55
Zaun	54
Krug	54
Sohn	49
Satz	47
Kranz	47
Bruch	47
Vorgang	46
Vorschlag	44
Floh	44
Schuss	43
Brust	42
Abluft	42
Zunft	41
Grundsatz	41
Duft	40
Lohn	38
Not	35
Verkauf	34
Guss	34
Zopf	33
Gegenstand	33
Stahl	31
Schwan	31
Druck	30
Stab	27
Schlag	27
Raum	27
Zustand	26
Großstadt	26
Fall	26
Chor	26
Bass	26
Wurst	24
Geruch	24
Bock	24
Block	24
Staatsanwalt	23
Kuss	22
Schlumpf	21
Mops	21
Vorrat	20
Schlauch	20
Schrank	19
Kampf	19
Tanz	18
Schopf	18
Gruß	18
Gebrauch	17
Papst	16
Damm	16
Belag	16
Schwanz	15
Sau	15
Lauf	15
Kunst	15
Dampf	15
Wall	14
Kloß	14
Klang	14
Draht	14
Sturm	13
Storch	13
Klotz	13
Fahrgast	13
Bach	13
Antrag	13
Trog	12
Rechtsanwalt	12
Vertrag	11
Fluch	11
Aufzug	11
Wurf	10
Vogt	10
Schwamm	10
Hauptstadt	10
Brand	10
Spaß	9
Entwurf	9
Eifersucht	9
Bart	9
Unterkunft	8
Umstand	8
Propst	8
Einwand	8
Eintrag	8
Eindruck	8
Vortrag	7
Schwarm	7
Rausch	7
Lust	7
Kamm	7
Aufsatz	7
Anspruch	7
Verstoß	6
Stoß	6
Schank	6
Krampf	6
Strauß	5
Schacht	5
Rückstand	5
Palast	5
Hals	5
Einsatz	5
Betrag	5
Ausflug	5
Zusammenhang	4
Sprung	4
Spaziergang	4
Schnur	4
Schleimhaut	4
Sarg	4
Sal	4
Naht	4
Jahrgang	4
Ertrag	4
Einband	4
Darm	4
Brauch	4
Auskunft	4
Auftrag	4
Ansatz	4
Absatz	4
Zusatz	3
Werwolf	3
Verbund	3
Umsatz	3
Stall	3
Spielraum	3
Schlamm	3
Schaum	3
Rucksack	3
Notstand	3
Kran	3
Kleinstadt	3
Hintergrund	3
Gruft	3
Gesang	3
Floß	3
Eingang	3
Auszug	3
Anschluss	3
Zuschuss	2
Widerstand	2
Vorwurf	2
Unfall	2
Umgang	2
Tropf	2
Tenor	2
Studienrat	2
Studienplatz	2
Strom	2
Sitzplatz	2
Schwur	2
Schub	2
Rücklauf	2
Pfeffersack	2
Pfahl	2
Missstand	2
Kreislauf	2
Kirchenrat	2
Kahn	2
Harm	2
Glückwunsch	2
Beschluss	2
Bauch	2
Bahnhof	2
Ausschlag	2
Ausgang	2
Ausflucht	2
Aufstand	2
Anschlag	2
Abschluss	2
Abschaum	2
Abgrund	2
Abfall	2
Überhang	1
Übergang	1
Zwischenstand	1
Zwang	1
Zuschlag	1
Zugang	1
Zufluss	1
Zoll	1
Widerspruch	1
Walnuss	1
Vorsatz	1
Umschlag	1
Umfang	1
Umbruch	1
Supermarkt	1
Sumpf	1
Sucht	1
Studiengang	1
Strang	1
Stadtplan	1
Schwank	1
Schorf	1
Schnaps	1
Rückflug	1
Rückfall	1
Notfall	1
Napf	1
Nahkampf	1
Nachtrag	1
Nachschlag	1
Missbrauch	1
Marschall	1
Latz	1
Langlauf	1
Kühlschrank	1
Kropf	1
Knast	1
Kluft	1
Kauz	1
Hub	1
Großmarkt	1
Gestank	1
Genuss	1
Geldbetrag	1
Geheimbund	1
Gegensatz	1
Gaul	1
Frischluft	1
Friedhof	1
Fledermaus	1
Feldzug	1
Erdnuss	1
Einfall	1
Einbruch	1
Dunst	1
Christbaum	1
Choral	1
Bischof	1
Bauplatz	1
Auswuchs	1
Auslauf	1
Anflug	1
Altbestand	1
Abstand	1
Ablauf	1
Abgang	1
Abdruck	1
