Mann	141687
Land	108034
Buch	100131
Volk	84814
Gut	82377
Kraut	73913
Huhn	63578
Wort	59498
Gott	43469
Haus	36856
Bad	18772
Blatt	16344
Korn	12486
Band	11850
Grab	10225
Rad	6298
Schloss	4305
Kalb	3941
Glas	3542
Gras	2282
Horn	2233
Lamm	1877
Kulturgut	738
Pfand	714
Wald	615
Dach	544
Denkmal	449
Dorf	419
Altertum	401
Tal	371
Loch	347
Wurm	341
Holz	323
Strauch	273
Tuch	257
Gehalt	245
Sprichwort	213
Fass	144
Kennwort	133
Hochhaus	91
Gemeingut	91
Massengut	89
Stichwort	88
Rand	75
Gewand	68
Zahnrad	66
Ross	55
Fahrrad	42
Truthuhn	40
Weihnachtsmann	39
Obmann	32
Schlagwort	26
Haupt	21
Rebhuhn	18
Mund	17
Lehrbuch	17
Schließfach	16
Besitztum	15
Stückgut	13
Schlüsselwort	13
Schlagloch	12
Passwort	12
Kaufmann	12
Geschmack	12
Unkraut	11
Spital	10
Krankenhaus	10
Irrtum	10
Tagebuch	9
Sachbuch	8
Motorrad	8
Regenwald	7
Mahl	7
Hospital	7
Handbuch	7
Finanzamt	6
Vorland	5
Möbelhaus	5
Maul	5
Gemach	5
Zweirad	4
Erbgut	4
Balg	4
Vorblatt	3
Schlupfloch	3
Nashorn	3
Fachmann	3
Einhorn	3
Warenhaus	2
Vormund	2
Rathaus	2
Postfach	2
Kaufhaus	2
Hauptmann	2
Gefach	2
Förderband	2
Dreirad	2
Drehbuch	2
Auwald	2
Weistum	1
Treibhaus	1
Tonband	1
Standesamt	1
Sozialamt	1
Lehramt	1
Heiligtum	1
Hampelmann	1
Gefolgsmann	1
Fließband	1
Flachmann	1
Beiwort	1
Arbeitsamt	1
Abgott	1
