Werkstatt	Verordnung	97
Werkstatt	Test	90
Werkstatt	Leiter	74
Werkstatt	Gebäude	61
Werkstatt	Bereich	56
Werkstatt	Verbund	42
Werkstatt	Messe	40
Werkstatt	Netz	38
Werkstatt	Tag	35
Werkstatt	Straße	35
Werkstatt	Dienst	34
Werkstatt	Trakt	30
Werkstatt	Handbuch	25
Werkstatt	Betrieb	25
Werkstatt	Unterricht	24
Werkstatt	Haus	23
Werkstatt	Recht	22
Werkstatt	Meister	20
Werkstatt	Gleis	20
Werkstatt	Bau	18
Werkstatt	Bahnhof	18
Werkstatt	Arbeit	17
Werkstatt	Wesen	15
Werkstatt	Landschaft	15
Werkstatt	Halle	15
Werkstatt	Fertigung	15
Werkstatt	Besuch	15
Werkstatt	Raum	14
Werkstatt	Verzeichnis	13
Werkstatt	Personal	13
Werkstatt	System	11
Werkstatt	Aufenthalt	10
Werkstatt	Markt	9
Werkstatt	Anlage	9
Werkstatt	Konzept	8
Werkstatt	Arbeiter	7
Werkstatt	Weg	6
Werkstatt	Platz	6
Werkstatt	Chef	6
Werkstatt	Bewegung	6
Werkstatt	Betreiber	6
Werkstatt	Besitzer	6
Werkstatt	Amt	6
Werkstatt	Komplex	5
Werkstatt	Inspektor	5
Werkstatt	Gespräch	5
Werkstatt	Einrichtung	5
Werkstatt	Training	4
Werkstatt	Termin	4
Werkstatt	Teil	4
Werkstatt	Stil	4
Werkstatt	Programm	4
Werkstatt	Prinzip	4
Werkstatt	Ordnung	4
Werkstatt	Leiterin	4
Werkstatt	Kette	4
Werkstatt	Inhaber	4
Werkstatt	Gelände	4
Werkstatt	Fußball	4
Werkstatt	Flügel	4
Werkstatt	Bedarf	4
Werkstatt	Ausstattung	4
Werkstatt	Wahl	3
Werkstatt	Wagen	3
Werkstatt	Vorsteher	3
Werkstatt	Vertretung	3
Werkstatt	Verband	3
Werkstatt	Standort	3
Werkstatt	Organisation	3
Werkstatt	Mitarbeiter	3
Werkstatt	Lehrer	3
Werkstatt	Kooperation	3
Werkstatt	Kongress	3
Werkstatt	Kleber	3
Werkstatt	Kapazität	3
Werkstatt	Gründung	3
Werkstatt	Geschäft	3
Werkstatt	Exekutive	3
Werkstatt	Ausbildung	3
Werkstatt	Angebot	3
Werkstatt	Zentrum	2
Werkstatt	Vorstand	2
Werkstatt	Vertrag	2
Werkstatt	Umfeld	2
Werkstatt	Typ	2
Werkstatt	Träger	2
Werkstatt	Teilnehmer	2
Werkstatt	Szene	2
Werkstatt	Suche	2
Werkstatt	Struktur	2
Werkstatt	Plateau	2
Werkstatt	Planung	2
Werkstatt	Leitung	2
Werkstatt	Inspektion	2
Werkstatt	Hof	2
Werkstatt	Gemeinschaft	2
Werkstatt	Führung	2
Werkstatt	Format	2
Werkstatt	Fläche	2
Werkstatt	Fest	2
Werkstatt	Fenster	2
Werkstatt	Fahrzeug	2
Werkstatt	Fahrt	2
Werkstatt	Erfahrung	2
Werkstatt	Charakter	2
Werkstatt	Brand	2
Werkstatt	Besichtigung	2
Werkstatt	Bericht	2
Werkstatt	Ausrüstung	2
Werkstatt	Areal	2
Werkstatt	Alltag	2
Werkstatt	Abteilung	2
Werkstatt	Zusammenhang	1
Werkstatt	Zug	1
Werkstatt	Zeit	1
Werkstatt	Zeile	1
Werkstatt	Wechsel	1
Werkstatt	Vorführung	1
Werkstatt	Viertel	1
Werkstatt	Viadukt	1
Werkstatt	Versammlung	1
Werkstatt	Vergleich	1
Werkstatt	Umsatz	1
Werkstatt	Umgebung	1
Werkstatt	Umbauten	1
Werkstatt	Übersicht	1
Werkstatt	Treffen	1
Werkstatt	Tor	1
Werkstatt	Tätigkeit	1
Werkstatt	Tagung	1
Werkstatt	Szenerie	1
Werkstatt	Statistik	1
Werkstatt	Service	1
Werkstatt	Sektor	1
Werkstatt	Schule	1
Werkstatt	Schmuck	1
Werkstatt	Schluss	1
Werkstatt	Schiff	1
Werkstatt	Sal	1
Werkstatt	Rundgang	1
Werkstatt	Reiniger	1
Werkstatt	Regal	1
Werkstatt	Räumlichkeit	1
Werkstatt	Rat	1
Werkstatt	Projekt	1
Werkstatt	Portal	1
Werkstatt	Pavillon	1
Werkstatt	Park	1
Werkstatt	Nutzung	1
Werkstatt	Nähe	1
Werkstatt	Nachweis	1
Werkstatt	Mitarbeiterin	1
Werkstatt	Mensch	1
Werkstatt	Meisterin	1
Werkstatt	Material	1
Werkstatt	Maschine	1
Werkstatt	Mannschaft	1
Werkstatt	Management	1
Werkstatt	Lokal	1
Werkstatt	Lehrgang	1
Werkstatt	Leben	1
Werkstatt	Lauf	1
Werkstatt	Laden	1
Werkstatt	Laboratorium	1
Werkstatt	Kunst	1
Werkstatt	Kunde	1
Werkstatt	Kreis	1
Werkstatt	Konzentration	1
Werkstatt	Kollektiv	1
Werkstatt	Klient	1
Werkstatt	Katalog	1
Werkstatt	Kanzlei	1
Werkstatt	Gruppe	1
Werkstatt	Gewölbe	1
Werkstatt	Gestaltung	1
Werkstatt	Gesetz	1
Werkstatt	Gehilfe	1
Werkstatt	Geheimnis	1
Werkstatt	Galerie	1
Werkstatt	Führer	1
Werkstatt	Freund	1
Werkstatt	Foto	1
Werkstatt	Förderung	1
Werkstatt	Finder	1
Werkstatt	Festival	1
Werkstatt	Feste	1
Werkstatt	Fehler	1
Werkstatt	Experte	1
Werkstatt	Entsorgung	1
Werkstatt	Empfehlung	1
Werkstatt	Eisenbahner	1
Werkstatt	Eintrag	1
Werkstatt	Einheit	1
Werkstatt	Eigner	1
Werkstatt	Effizienz	1
Werkstatt	Druck	1
Werkstatt	Dokumentation	1
Werkstatt	Datenbank	1
Werkstatt	Chefin	1
Werkstatt	Chaos	1
Werkstatt	Büro	1
Werkstatt	Buch	1
Werkstatt	Branche	1
Werkstatt	Boden	1
Werkstatt	Block	1
Werkstatt	Bezug	1
Werkstatt	Bezirk	1
Werkstatt	Besucherin	1
Werkstatt	Besucher	1
Werkstatt	Besprechung	1
Werkstatt	Beschäftigung	1
Werkstatt	Beirat	1
Werkstatt	Begleitung	1
Werkstatt	Baracke	1
Werkstatt	Auswahl	1
Werkstatt	Ausfahrt	1
Werkstatt	Aula	1
Werkstatt	Auftrag	1
Werkstatt	Aufnahme	1
Werkstatt	Aufgabe	1
Werkstatt	Aufbauten	1
Werkstatt	Arbeitsplatz	1
Werkstatt	Annahme	1
Werkstatt	Anleitung	1
Werkstatt	Anbieter	1
Werkstatt	Aktivität	1
Werkstatt	Agitation	1
Werkstatt	Abfall	1
