Mangel	Beseitigung	5147
Mangel	Rüge	4338
Mangel	Exemplar	2836
Mangel	Liste	2430
Mutter	Zentrum	2204
Mangel	Anspruch	2149
Mutter	Rente	1679
Bruder	Paar	1634
Bruder	Gemeinde	1572
Mangel	Anzeige	1550
Vater	Aufbruch	1532
Bruder	Gemeine	1527
Bruder	Straße	1262
Mutter	Sterblichkeit	1261
Tochter	Schule	1149
Mangel	Haftung	1054
Vater	Monat	791
Bruder	Bewegung	715
Mangel	Wesen	550
Bruder	Krankenhaus	549
Mangel	Recht	546
Mangel	Karte	526
Mangel	Bericht	512
Mangel	Stempel	499
Vater	Generation	429
Mangel	Freiheit	429
Mutter	Verein	428
Bruder	Kirche	394
Mangel	Behebung	392
Mangel	Quote	383
Mutter	Genesung	353
Mutter	Beratung	349
Apfel	Säure	325
Mutter	Gruppe	272
Nagel	Mal	264
Vater	Gruppe	259
Mangel	Gewährleistung	259
Vater	Arbeit	251
Bruder	Haus	242
Vater	Beratung	225
Mutter	Kur	217
Soller	Eck	215
Bruder	Verein	204
Graben	Dorf	202
Vater	Zeit	200
Abwasser	Kanal	198
Mangel	List	196
Bruder	Gemeinschaft	193
Vater	Recht	179
Mutter	Kreis	173
Faden	Zieher	171
Tochter	Tag	169
Mangel	Meldung	168
Vater	Geschichte	163
Mangel	Report	161
Vater	Beteiligung	156
Nagel	Schneide	156
Mutter	Gesundheit	156
Mutter	Treff	152
Mangel	Schein	150
Bruder	Versammlung	147
Mangel	Protokoll	144
Apfel	Baum	142
Mangel	Verwaltung	141
Apfel	Wein	141
Vater	Zentrum	139
Vater	Politik	138
Vater	Karenz	134
Mutter	Schule	134
Mutter	Gehalt	127
Vater	Organisation	124
Mutter	Forum	120
Vater	Bewegung	119
Mutter	Bund	119
Mangel	Punkt	118
Vater	Verein	114
Mutter	Generation	114
Bruder	Gasse	113
Vater	Forschung	108
Mutter	Kurs	108
Vogel	Gezwitscher	101
Bruder	Weg	100
Vater	Rechtler	99
Bruder	Stunde	96
Tochter	Unternehmen	91
Mutter	Erwerbstätigkeit	90
Mutter	Heim	87
Mangel	Statistik	86
Mangel	Beschreibung	85
Bruder	Kreis	82
Vater	Tag	77
Mutter	Dienst	75
Großvater	Generation	75
Vater	Freundlichkeit	74
Mutter	Gemeinschaft	72
Mangel	Analyse	72
Mangel	Verfolgung	70
Vater	Rolle	69
Tochter	Firma	69
Vater	Initiative	68
Mangel	Melder	67
Tochter	Gruppe	66
Mangel	Management	65
Mangel	Erscheinung	65
Bruder	Rat	65
Kindergarten	Platz	63
Mangel	Ex	62
Mangel	Lage	61
Kloster	Reich	61
Mutter	Mafia	60
Mutter	Bewegung	60
Bruder	Duell	60
Mangel	Einrede	59
Vater	Forum	58
Vater	Radio	57
Vater	Kongress	57
Bruder	Volk	57
Mutter	Beraterin	56
Vater	Bild	55
Mangel	Ursache	54
Vater	Studie	53
Vater	Sitte	53
Mutter	Nacht	52
Mutter	Erholung	52
Nagel	Kauer	50
Mangel	Katalog	50
Vater	Thema	48
Vater	Netzwerk	48
Mangel	Suche	48
Vater	Anteil	47
Bruder	Instruktor	47
Mutter	Laden	46
Tochter	Institut	45
Garten	Abteilung	45
Mangel	Gutachten	44
Tochter	Fruchtbarkeit	43
Vater	Treff	42
Mangel	Fahrzeug	42
Bruder	Bund	42
Mangel	Zwerg	41
Vater	Literatur	39
Vater	Buch	39
Mangel	Ware	39
Kasten	Burg	38
Hafen	Senator	38
Mutter	Quote	37
Mangel	Riese	37
Mangel	Index	37
Mangel	Gewähr	37
Vogel	Bar	36
Tochter	Heim	36
Mutter	Geld	36
Mutter	Club	36
Bruder	Tor	36
Bruder	Komitee	36
Abwasser	Reinigung	36
Vater	Kurs	35
Vater	Bildung	35
Vater	Abend	35
Mutter	Pflegerin	35
Mangel	Erkennung	35
Mangel	Bogen	35
Bruder	Halle	35
Bruder	Geschichte	35
Vater	Glaube	33
Tochter	Gesellschaft	33
Mutter	Cafe	33
Mangel	Bescheid	33
Tochter	Generation	32
Nagel	Spitz	32
Mutter	Treffen	32
Mangel	Risiko	32
Vater	Seite	31
Mutter	Söhnchen	31
Bruder	Anstalt	31
Vogel	Zwitschern	30
Vater	Theologie	30
Nagel	Krämer	30
Mutter	Hilfe	30
Mutter	Arbeit	30
Bruder	Krieg	30
Vater	Treffen	29
Vater	Projekt	29
Nagel	Kopf	29
Mutter	Rund	29
Vater	Blog	28
Mutter	Rolle	28
Mutter	Portal	28
Mutter	Manifest	28
Mutter	Herz	28
Mutter	Büro	28
Mangel	Zustand	28
Bruder	Orden	28
Bruder	Chor	28
Schnabel	Kürze	27
Mutter	Haus	27
Mangel	Prüfung	27
Mangel	Kontrolle	27
Abwasser	System	27
Vater	Szene	26
Mutter	Bild	26
Garten	Berg	26
Vater	Diskriminierung	25
Mutter	Ente	25
Vater	Frage	24
Mutter	Liga	24
Mangel	Häufigkeit	24
Bruder	Band	24
Vater	See	23
Vater	Forscher	23
Mutter	Kaffee	23
Mangel	Strich	23
Mangel	Schreiben	23
Mangel	Gruppe	23
Mangel	Erfassung	23
Mangel	Auflistung	23
Magen	Dorf	23
Bruder	Liebe	23
Vater	Welt	22
Vater	Verband	22
Vater	Runde	22
Vater	Förderung	22
Vater	Beraterin	22
Nagel	Beißer	22
Mutter	Politik	22
Mutter	Kult	22
Mangel	Quelle	22
Lager	Tal	22
Kloster	Garten	22
Granatapfel	Baum	22
Bruder	Provinz	22
Bruder	Land	22
Bruder	Duo	22
Apfel	Weib	22
Apfel	Stückchen	22
Apfel	Stück	22
Wasser	Matte	21
Vater	Kompass	21
Tochter	Pensionat	21
Soller	Pass	21
Mutter	Zimmer	21
Mutter	Netzwerk	21
Mangel	Fall	21
Mangel	Abstellung	21
Bruder	Staat	21
Bruder	Schar	21
Bruder	Gespann	21
Vater	Spruch	20
Vater	Kreis	20
Mutter	Wochenende	20
Mutter	Initiative	20
Mutter	Abend	20
Mangel	Zettel	20
Mangel	Stelle	20
Mangel	Situation	20
Bruder	Tag	20
Bruder	Stein	20
Abwasser	Beseitigung	20
Vater	Frühstück	19
Tochter	Zahl	19
Soller	Kopf	19
Nagel	Knabbern	19
Mangel	Rate	19
Garten	Verwaltung	19
Bruder	Kampf	19
Boden	Koralle	19
Vater	Gott	18
Mutter	Recht	18
Mutter	Amt	18
Mangel	Mitteilung	18
Mangel	Hinweis	18
Mangel	Behauptung	18
Kloster	Reise	18
Vogel	Häuschen	17
Vater	Haus	17
Vater	Glück	17
Vater	Entsorgung	17
Vater	Art	17
Tochter	Leistung	17
Tochter	Kloster	17
Tochter	Geschwulst	17
Soller	Straße	17
Mutter	Lobby	17
Mutter	Krieg	17
Mutter	Elite	17
Mangel	Untersuchung	17
Mangel	Dokumentation	17
Mangel	Bild	17
Bruder	Trio	17
Bruder	Gruppe	17
Boden	See	17
Apfel	Sammeln	17
Apfel	Klaue	17
Vater	Tradition	16
Vater	Quote	16
Vater	Erbe	16
Vater	Aktivist	16
Nagel	Feile	16
Mutter	Schulung	16
Mutter	Organisation	16
Mutter	Jahr	16
Hammer	Klavier	16
Großmutter	Generation	16
Boden	Belag	16
Apfel	Bach	16
Vater	Sicht	15
Vater	Paar	15
Nagel	See	15
Mutter	Thema	15
Mutter	Mythos	15
Mutter	Kuh	15
Mutter	Komitee	15
Mutter	Frühstück	15
Mutter	Bildung	15
Mangel	Bilanz	15
Bruder	Wiese	15
Bruder	Streit	15
Bruder	Saal	15
Bruder	Hof	15
Vater	Widerstand	14
Vater	Lesung	14
Vater	Kampagne	14
Vater	Interesse	14
Vater	Brauch	14
Vater	Ausgrenzung	14
Nistkasten	Aktion	14
Nagel	Wunde	14
Mutter	Ideologie	14
Mutter	Falle	14
Mangel	Zahl	14
Mangel	Wirtschaft	14
Mangel	Beratung	14
Lager	Rispe	14
Kloster	Hof	14
Fußboden	Belag	14
Faden	Entfernung	14
Bruder	Schule	14
Bruder	Mönch	14
Bruder	Hölle	14
Bogen	Dorf	14
Vogel	Füttern	13
Vater	Verheißung	13
Vater	Typ	13
Vater	Exegese	13
Vater	Erzählung	13
Vater	Demo	13
Vater	Büro	13
Vater	Angebot	13
Soller	Haus	13
Mutter	Wohl	13
Mutter	Verband	13
Mutter	Urlaub	13
Mutter	Ideal	13
Mangel	Vermeidung	13
Mangel	Bewertung	13
Mangel	Begutachtung	13
Hafen	Kooperation	13
Faden	Fall	13
Bruder	Märchen	13
Bruder	Kurs	13
Bruder	Konferenz	13
Bogen	Schütze	13
Abwasser	Einleitung	13
Vogel	Welt	12
Vogel	Weide	12
Vater	Text	12
Vater	Plattform	12
Vater	Perspektive	12
Vater	Brief	12
Mutter	Vereinigung	12
Mutter	Szene	12
Mutter	Schutz	12
Mutter	Interesse	12
Mangel	Schwerpunkt	12
Mangel	Anfälligkeit	12
Kasten	Baum	12
Faden	Vorhang	12
Bruder	Zwist	12
Bruder	Kandidat	12
Bruder	Horde	12
Vater	Seminar	11
Vater	Schrift	11
Vater	Komponente	11
Vater	Gottheit	11
Vater	Beirat	11
Tochter	Sohn	11
Tochter	Chor	11
Nistkasten	Bau	11
Mutter	Terror	11
Mutter	Pass	11
Mutter	Mantra	11
Mutter	Freundschaft	11
Mangel	Korrektur	11
Mangel	Kategorie	11
Hafen	Bruder	11
Granatapfel	Kern	11
Bruder	Mission	11
Bruder	Konvent	11
Bogen	Hafen	11
Vogel	Zug	10
Vogel	Beobachtung	10
Vater	Zeitschrift	10
Vater	Wochenende	10
Vater	Typus	10
Vater	Saal	10
Vater	Problematik	10
Soller	Treppe	10
Mutter	Sitzung	10
Mutter	Seminar	10
Mutter	Primat	10
Mutter	Polizei	10
Mutter	Herrschaft	10
Mutter	Geschichte	10
Mutter	Bonus	10
Mutter	Befragung	10
Mutter	Armut	10
Mangel	Vorbehalt	10
Mangel	Verjährung	10
Mangel	Häufung	10
Mangel	Formular	10
Mangel	Einbehalt	10
Mangel	Datenbank	10
Mangel	Bürgschaft	10
Mangel	Besichtigung	10
Mangel	Beschwerde	10
Mangel	Beanstandung	10
Mangel	Aufnahme	10
Mangel	Art	10
Hafen	Stadt	10
Großvater	Zeit	10
Garten	Strategie	10
Bruder	Treffen	10
Bruder	Konflikt	10
Bruder	Gemeindler	10
Bruder	Drama	10
Apfel	Bäumchen	10
Vogel	Käfig	9
Vogel	Freund	9
Vogel	Beobachter	9
Vater	Zitat	9
Vater	Vereinigung	9
Vater	Stelle	9
Vater	Sache	9
Vater	Portal	9
Vater	Kunde	9
Vater	Feindlichkeit	9
Tochter	Nachkomme	9
Tochter	Kette	9
Tochter	Information	9
Mutter	Zentrierung	9
Mutter	Kreuz	9
Mutter	Jahrgang	9
Mutter	Förderung	9
Mutter	Alter	9
Mangel	Thread	9
Mangel	Reporter	9
Mangel	Position	9
Mangel	Grund	9
Mangel	Detektiv	9
Mangel	Bescheinigung	9
Mangel	Bereich	9
Graben	System	9
Bruder	Mord	9
Bruder	Kuss	9
Bruder	Bischof	9
Bruder	Beziehung	9
Boden	Presserei	9
Apfel	Sorte	9
Abwasser	Anlage	9
Vogel	Schar	8
Vogel	Haus	8
Vater	Workshop	8
Vater	Kirche	8
Vater	Gestalt	8
Vater	Experte	8
Vater	Benachteiligung	8
Tochter	Land	8
Rundbogen	Fenster	8
Nagel	Hof	8
Mutter	Wunsch	8
Mutter	Verehrung	8
Mutter	Unterstützung	8
Mutter	Type	8
Mutter	Team	8
Mutter	Studio	8
Mutter	Sprache	8
Mutter	Sofa	8
Mutter	Seite	8
Mutter	Runde	8
Mutter	Orden	8
Mutter	Macht	8
Mutter	Fürsorge	8
Mutter	Feindlichkeit	8
Mutter	Buch	8
Mutter	Berater	8
Mangel	Verwalter	8
Mangel	Vermutung	8
Mangel	Schaden	8
Mangel	Ranking	8
Mangel	Paket	8
Mangel	Klage	8
Mangel	Fächer	8
Mangel	Foto	8
Mangel	Einstufung	8
Mangel	Diskussion	8
Mangel	Buch	8
Mangel	Abarbeitung	8
Lager	Flur	8
Kasten	Weise	8
Hafen	Ressort	8
Bruder	Pärchen	8
Bruder	Baum	8
Bruder	Bau	8
Apfel	Plantage	8
Abwasser	Graben	8
Vorvater	Zeit	7
Vogel	Nest	7
Vater	Los	7
Vater	Leben	7
Vater	Land	7
Vater	Konzept	7
Vater	Konferenz	7
Vater	Front	7
Vater	Berater	7
Vater	Befragung	7
Tochter	Verband	7
Tochter	Erziehung	7
Proller	Gipfel	7
Ofen	Pass	7
Mutter	Zeit	7
Mutter	Telefon	7
Mutter	Tag	7
Mutter	Station	7
Mutter	Schelte	7
Mutter	Schar	7
Mutter	Sache	7
Mutter	Revolution	7
Mutter	Land	7
Mutter	Kartei	7
Mutter	Fraktion	7
Mutter	Blog	7
Mutter	Begleiterin	7
Mangel	Vorwurf	7
Mangel	Reklamation	7
Mangel	Profil	7
Mangel	Problem	7
Mangel	Klasse	7
Mangel	Kataster	7
Mangel	Frist	7
Mangel	Forum	7
Mangel	Folge	7
Mangel	Ernährung	7
Mangel	Beurteilung	7
Mangel	Bearbeitung	7
Mangel	Aufstellung	7
Mangel	Angabe	7
Mangel	Anerkenntnis	7
Kloster	Straße	7
Kloster	Lexikon	7
Graben	Straße	7
Faden	Ende	7
Bruder	Vergleich	7
Bruder	Team	7
Bruder	Stift	7
Bruder	Stamm	7
Bruder	Schwester	7
Bruder	Schiff	7
Bruder	Kloster	7
Bruder	Kapelle	7
Bruder	Gemeinderat	7
Bruder	Friedhof	7
Bruder	Besprechung	7
Apfel	Haufen	7
Apfel	Ernte	7
Abwasser	Rohr	7
Abwasser	Leitung	7
Wasser	Land	6
Vogel	Population	6
Vogel	Bild	6
Vater	Wohl	6
Vater	Weisheit	6
Vater	Weise	6
Vater	Urlaub	6
Vater	Problem	6
Vater	Modell	6
Vater	Lobby	6
Vater	Jagd	6
Vater	Hilfe	6
Vater	Herz	6
Vater	Herrschaft	6
Vater	Freund	6
Vater	Fahne	6
Vater	Engagement	6
Vater	Band	6
Vater	Alter	6
Vater	Aktion	6
Vater	Abwesenheit	6
Tochter	Schar	6
Tochter	Gemeinde	6
Tochter	Anzahl	6
Tochter	Album	6
Soller	Rinne	6
Singvogel	Küken	6
Mutter	Werk	6
Mutter	Welt	6
Mutter	Sicht	6
Mutter	Raum	6
Mutter	Projekt	6
Mutter	Paar	6
Mutter	Mannschaft	6
Mutter	Linie	6
Mutter	Kongress	6
Mutter	Klinik	6
Mutter	Anteil	6
Mutter	Alltag	6
Mangel	Verursachung	6
Mangel	Symptom	6
Mangel	Sicherheit	6
Mangel	Reparatur	6
Mangel	Pferd	6
Mangel	Leistung	6
Mangel	Kenntnis	6
Mangel	Historie	6
Mangel	Begriff	6
Mangel	Befund	6
Mangel	Bedingung	6
Mangel	Anteil	6
Lager	Platz	6
Kloster	Gründung	6
Großvater	See	6
Graben	Wind	6
Faden	Spinner	6
Bruder	Älteste	6
Bruder	Noviziat	6
Bruder	Mann	6
Bruder	Ausbildung	6
Bogen	Straße	6
Apfel	Scheibe	6
Apfel	Mischung	6
Apfel	Hälfte	6
Apfel	Fisch	6
Apfel	Essen	6
Acker	Brunnen	6
Abwasser	Entsorgung	6
Wasser	Zeit	5
Vogel	Zimmer	5
Vogel	Stimme	5
Vogel	Problem	5
Vogel	Garantie	5
Vater	Verhalten	5
Vater	Verachtung	5
Vater	Vater	5
Vater	Suche	5
Vater	Sprache	5
Vater	Spieler	5
Vater	Religion	5
Vater	Lehre	5
Vater	Hass	5
Vater	Gut	5
Vater	Gruppierung	5
Vater	Gewalt	5
Vater	Club	5
Vater	Beweis	5
Tochter	Sprache	5
Tochter	Bildung	5
Singvogel	Bestand	5
Singvogel	Art	5
Schrebergarten	Siedlung	5
Schrebergarten	Kolonie	5
Nagel	Schuh	5
Nagel	Mahl	5
Nagel	Form	5
Mutter	Witz	5
Mutter	Verachtung	5
Mutter	Training	5
Mutter	Taxi	5
Mutter	Sohn	5
Mutter	Parteilichkeit	5
Mutter	Monopol	5
Mutter	Mangel	5
Mutter	Kitsch	5
Mutter	Front	5
Mutter	Ferien	5
Mutter	Feminismus	5
Mutter	Dasein	5
Mutter	Blitz	5
Mutter	Auge	5
Mangel	Überprüfung	5
Mangel	Verteilung	5
Mangel	Stufe	5
Mangel	Los	5
Mangel	Kosten	5
Mangel	Einwand	5
Mangel	Diagnose	5
Mangel	Auswertung	5
Mangel	Arbeit	5
Mangel	Abwicklung	5
Laden	Sterben	5
Kloster	Dorf	5
Hammer	Zunft	5
Hammer	Werk	5
Hammer	Mechanismus	5
Graben	Viertel	5
Graben	Teich	5
Graben	Bruch	5
Garten	Landschaft	5
Flughafen	Betreiber	5
Faden	Zieherin	5
Faden	Spinne	5
Bruder	Weihe	5
Bruder	Tagung	5
Bruder	Spital	5
Bruder	Partei	5
Bruder	Kommunität	5
Bruder	Heim	5
Briefkasten	Firma	5
Bogen	Gang	5
Boden	Type	5
Apfel	Schale	5
Apfel	Pflücker	5
Acker	Ich	5
Acker	Hof	5
Acker	Fläche	5
Acker	Boden	5
Abwasser	Kläranlage	5
Wasser	Platte	4
Wasser	Ordnung	4
Wasser	Lauf	4
Vogel	Schützer	4
Vogel	Fütterung	4
Vater	Zeitung	4
Vater	Wort	4
Vater	Weg	4
Vater	Vertretung	4
Vater	Vertreibung	4
Vater	Verantwortung	4
Vater	Veranstaltung	4
Vater	Thematik	4
Vater	Stimme	4
Vater	Stamm	4
Vater	Segnung	4
Vater	Segen	4
Vater	Sage	4
Vater	Präsenz	4
Vater	Programm	4
Vater	Orientierung	4
Vater	Name	4
Vater	Nachmittag	4
Vater	Marsch	4
Vater	Mangel	4
Vater	Kur	4
Vater	Hasserin	4
Vater	Handeln	4
Vater	Hand	4
Vater	Gruft	4
Vater	Freude	4
Vater	Erfahrung	4
Vater	Beruf	4
Vater	Begleitung	4
Vater	Ausgabe	4
Tochter	Stamm	4
Tochter	Organisation	4
Tochter	Gründung	4
Tochter	Anstalt	4
Soller	Fenster	4
Soller	Alpe	4
Singvogel	Nest	4
Singvogel	Chor	4
Nagel	Werfer	4
Nagel	Loch	4
Nagel	Kauerin	4
Mutter	Zentriertheit	4
Mutter	Werkstatt	4
Mutter	Wahn	4
Mutter	Vorsorge	4
Mutter	Urteil	4
Mutter	Thread	4
Mutter	Tagung	4
Mutter	Stamm	4
Mutter	Sorge	4
Mutter	Schicksal	4
Mutter	Perspektive	4
Mutter	Pension	4
Mutter	Orientierung	4
Mutter	Monat	4
Mutter	Messe	4
Mutter	Magazin	4
Mutter	Leib	4
Mutter	Karriere	4
Mutter	Instinkt	4
Mutter	Hasser	4
Mutter	Glück	4
Mutter	Gewalt	4
Mutter	Freundlichkeit	4
Mutter	Forschung	4
Mutter	Figur	4
Mutter	Expertin	4
Mutter	Dank	4
Mutter	Coaching	4
Mutter	Bier	4
Mutter	Arbeitsplatz	4
Mantel	Haus	4
Mangel	Zeichen	4
Mangel	Verzeichnis	4
Mangel	Verantwortlichkeit	4
Mangel	Umfang	4
Mangel	Tier	4
Mangel	Stern	4
Mangel	Regulierung	4
Mangel	Prozess	4
Mangel	Nachweis	4
Mangel	Lieferung	4
Mangel	Kiste	4
Mangel	Kennzeichnung	4
Mangel	Frage	4
Mangel	Erledigung	4
Mangel	Check	4
Mangel	Belastung	4
Mangel	Baum	4
Mangel	Ausschluss	4
Lager	Buch	4
Lager	Bestand	4
Laden	Besitzer	4
Kloster	Tour	4
Kasten	Stapel	4
Kasten	Schleppe	4
Großvater	Art	4
Großmutter	Revolution	4
Großmutter	Kreis	4
Graben	Kampf	4
Fragebogen	Datum	4
Fragebogen	Aktion	4
Bruder	Senior	4
Bruder	Punkt	4
Bruder	Pfarrer	4
Bruder	Ordnung	4
Bruder	Novize	4
Bruder	Loch	4
Bruder	Höhe	4
Bruder	Herz	4
Bruder	Hand	4
Bruder	Doppel	4
Bruder	Buch	4
Bruder	Bote	4
Bruder	Berg	4
Bruder	Beratung	4
Bruder	Ball	4
Bruder	Altar	4
Briefkasten	Anlage	4
Boden	Nähe	4
Apfel	Würfel	4
Apfel	Verkäufer	4
Apfel	Spalte	4
Apfel	Schütteln	4
Apfel	Schneide	4
Apfel	Sack	4
Apfel	Produkt	4
Apfel	Lese	4
Apfel	Kiste	4
Apfel	Kern	4
Apfel	Blüte	4
Apfel	Berg	4
Abwasser	Belastung	4
Vogel	Verkäufer	3
Vogel	Spinne	3
Vogel	Küken	3
Vogel	Körper	3
Vogel	Jagd	3
Vogel	Fuß	3
Vogel	Flug	3
Vogel	Film	3
Vogel	Auge	3
Vater	Ziel	3
Vater	Woche	3
Vater	Werkstatt	3
Vater	Vorbild	3
Vater	Vertreter	3
Vater	Typologie	3
Vater	Turnier	3
Vater	Teilzeit	3
Vater	Team	3
Vater	Tagung	3
Vater	Schutz	3
Vater	Schicksal	3
Vater	Schar	3
Vater	Rezeption	3
Vater	Revolution	3
Vater	Position	3
Vater	Partei	3
Vater	Neurose	3
Vater	Mannschaft	3
Vater	Liste	3
Vater	Laden	3
Vater	Kultur	3
Vater	Kritik	3
Vater	Kriminalisierung	3
Vater	Kompetenz	3
Vater	Kind	3
Vater	Kick	3
Vater	Jahr	3
Vater	Integration	3
Vater	Hotline	3
Vater	Handbuch	3
Vater	Geld	3
Vater	Folge	3
Vater	Ferien	3
Vater	Brunch	3
Vater	Bonus	3
Vater	Biographie	3
Vater	Besuch	3
Vater	Ausflug	3
Vater	Auge	3
Vater	Alltag	3
Vater	Aktivität	3
Tochter	Zimmer	3
Tochter	Wurf	3
Tochter	Vater	3
Tochter	Tal	3
Tochter	Mann	3
Tochter	Linie	3
Tochter	Karte	3
Tochter	Herz	3
Tochter	Familie	3
Tochter	Abend	3
Soller	Gang	3
Soller	Boden	3
Soller	Alm	3
Singvogel	Jäger	3
Schrebergarten	Verein	3
Schrebergarten	Anlage	3
Schaden	Beseitigung	3
Proller	Steig	3
Ofen	Schlucht	3
Ofen	Bauer	3
Nistkasten	Pflege	3
Nistkasten	Kontrolle	3
Nagel	Öl	3
Nagel	Veränderung	3
Nagel	Städter	3
Nagel	Studio	3
Nagel	Rand	3
Nagel	Problem	3
Nagel	Pflege	3
Nagel	Kürze	3
Nagel	Design	3
Mutter	Zeitschrift	3
Mutter	Vertreterin	3
Mutter	Verschickung	3
Mutter	Verherrlichung	3
Mutter	Unternehmen	3
Mutter	Tod	3
Mutter	Stress	3
Mutter	Sprecherin	3
Mutter	Sein	3
Mutter	Schoß	3
Mutter	Reich	3
Mutter	Qualität	3
Mutter	Programm	3
Mutter	Mund	3
Mutter	Meinung	3
Mutter	Maut	3
Mutter	Liste	3
Mutter	Liebe	3
Mutter	Konferenz	3
Mutter	Klub	3
Mutter	Karte	3
Mutter	Job	3
Mutter	Hündin	3
Mutter	Hospiz	3
Mutter	Hand	3
Mutter	Gestalt	3
Mutter	Gespräch	3
Mutter	Gefühl	3
Mutter	Freizeit	3
Mutter	Frage	3
Mutter	Dressur	3
Mutter	Darstellung	3
Mutter	Bevorzugung	3
Mutter	Betreuung	3
Mutter	Bauch	3
Mutter	Aufbruch	3
Mutter	Allergie	3
Mangel	Wahrscheinlichkeit	3
Mangel	Tool	3
Mangel	Tagebuch	3
Mangel	Tabelle	3
Mangel	Stück	3
Mangel	Struktur	3
Mangel	Streitigkeit	3
Mangel	Seite	3
Mangel	Scheck	3
Mangel	Pauschale	3
Mangel	Nachlass	3
Mangel	Nachbesserung	3
Mangel	Manager	3
Mangel	Haft	3
Mangel	Gut	3
Mangel	Freier	3
Mangel	Faktor	3
Mangel	Erfahrung	3
Mangel	Entdeckung	3
Mangel	Eintrag	3
Mangel	Berater	3
Mangel	Beispiel	3
Mangel	Auto	3
Mangel	Ausprägung	3
Mangel	Ausgleich	3
Mangel	Ausgabe	3
Mangel	Anzahl	3
Mangel	Ansage	3
Mangel	Abzug	3
Mangel	Abtretung	3
Lager	Stätte	3
Lager	Hütte	3
Lager	Haus	3
Lager	Feld	3
Lager	Bahn	3
Kloster	Landschaft	3
Kloster	Gut	3
Kloster	Einkunft	3
Kloster	Bruder	3
Kindergarten	Kind	3
Kasten	Berg	3
Kasten	Bauer	3
Hammer	Stange	3
Großvater	Sitte	3
Großvater	Arbeit	3
Großmutter	Verein	3
Graben	Veilchen	3
Graben	Schaufel	3
Graben	Reinigung	3
Garten	Zaun	3
Garten	Deck	3
Flughafen	Nähe	3
Flughafen	Gebäude	3
Faden	Bildung	3
Bruder	Zweig	3
Bruder	Theologie	3
Bruder	Test	3
Bruder	Sache	3
Bruder	Rätsel	3
Bruder	Postulat	3
Bruder	Missionar	3
Bruder	Literatur	3
Bruder	Krankheit	3
Bruder	Kolonie	3
Bruder	Gott	3
Bruder	Ewigkeit	3
Bruder	Clan	3
Bruder	Beruf	3
Bogen	Größe	3
Boden	Teich	3
Boden	Schatz	3
Boden	Knoten	3
Boden	Darstellung	3
Boden	Auer	3
Bindfaden	Regen	3
Apfel	Zeit	3
Apfel	Viertel	3
Apfel	Ring	3
Apfel	Masse	3
Apfel	Küchlein	3
Apfel	Kuchen	3
Apfel	Kauf	3
Apfel	Garten	3
Apfel	Dieb	3
Abwasser	Schaden	3
Abwasser	Schacht	3
Abwasser	Projekt	3
Abwasser	Klärung	3
Abwasser	Kanalisation	3
Wasser	Technik	2
Wasser	Stelle	2
Wasser	Schloss	2
Wasser	Mischung	2
Wasser	Beil	2
Vorvater	Welt	2
Vorvater	Sitte	2
Vorvater	Generation	2
Vogel	Zeichnung	2
Vogel	Stimmchen	2
Vogel	Sorte	2
Vogel	Schnabel	2
Vogel	Rest	2
Vogel	Kolonie	2
Vogel	Kacke	2
Vogel	Index	2
Vogel	Graben	2
Vogel	Gezwitschere	2
Vogel	Gespräch	2
Vogel	Geschwindigkeit	2
Vogel	Geschichte	2
Vogel	Foto	2
Vogel	Fest	2
Vogel	Feder	2
Vogel	Fanatiker	2
Vogel	Fan	2
Vogel	Experte	2
Vogel	Beziehung	2
Vogel	Angriff	2
Vater	Zimmer	2
Vater	Wunsch	2
Vater	Werk	2
Vater	Vorstellung	2
Vater	Verarschung	2
Vater	Tugend	2
Vater	Tribunal	2
Vater	Trend	2
Vater	Trauer	2
Vater	Trainer	2
Vater	Tisch	2
Vater	Terrorist	2
Vater	Söhnchen	2
Vater	Strafrecht	2
Vater	Stolz	2
Vater	Spur	2
Vater	Solidarität	2
Vater	Sohn	2
Vater	Sippe	2
Vater	Selektion	2
Vater	Seele	2
Vater	Schwerpunkt	2
Vater	Schule	2
Vater	Schmerz	2
Vater	Ruhm	2
Vater	Roman	2
Vater	Reich	2
Vater	Realität	2
Vater	Prozess	2
Vater	Not	2
Vater	Netz	2
Vater	Morgen	2
Vater	Mitwirkung	2
Vater	Lied	2
Vater	Leid	2
Vater	Kunst	2
Vater	Konflikt	2
Vater	Kneipe	2
Vater	Kalender	2
Vater	Ideal	2
Vater	Hymne	2
Vater	Hort	2
Vater	Grün	2
Vater	Gleichberechtigung	2
Vater	Gesundheit	2
Vater	Gesicht	2
Vater	Gesetz	2
Vater	Gesellschaft	2
Vater	Gedanke	2
Vater	Freizeit	2
Vater	Fraktion	2
Vater	Film	2
Vater	Figur	2
Vater	Familie	2
Vater	Fall	2
Vater	Ermordung	2
Vater	Entsorger	2
Vater	Entrechtung	2
Vater	Entbehrung	2
Vater	Dämmerung	2
Vater	Dossier	2
Vater	Diskurs	2
Vater	Dienst	2
Vater	Demonstration	2
Vater	Brust	2
Vater	Broschüre	2
Vater	Biografie	2
Vater	Bereich	2
Vater	Belang	2
Vater	Aussage	2
Vater	Auslegung	2
Vater	Auflauf	2
Vater	Aufgabe	2
Vater	Argument	2
Vater	Anwalt	2
Vater	Antrag	2
Vater	Angst	2
Unfaller	Persönlichkeit	2
Tochter	Versicherung	2
Tochter	Typ	2
Tochter	Treffen	2
Tochter	Tier	2
Tochter	Tausch	2
Tochter	System	2
Tochter	Staat	2
Tochter	Rolle	2
Tochter	Reich	2
Tochter	Potenzial	2
Tochter	Pension	2
Tochter	Mutter	2
Tochter	Mord	2
Tochter	Markt	2
Tochter	Leinchen	2
Tochter	Knoten	2
Tochter	Hymne	2
Tochter	Haus	2
Tochter	Handbuch	2
Tochter	Geflecht	2
Tochter	Folge	2
Tochter	Einrichtung	2
Tochter	Dasein	2
Tochter	Bewegung	2
Tochter	Betrieb	2
Tochter	Bank	2
Tochter	Abweichung	2
Spitzbogen	Fenster	2
Soller	Wiese	2
Soller	Tür	2
Soller	Schütze	2
Soller	Knecht	2
Sinkkasten	Reinigung	2
Singvogel	Zucht	2
Singvogel	Mörder	2
Singvogel	Kind	2
Singvogel	Aufnahme	2
Schützengraben	Kampf	2
Schaden	Höhe	2
Schaden	Fall	2
Schaden	Amt	2
Sattel	Stütze	2
Sattel	Städter	2
Regenbogen	Farbe	2
Nistkasten	Bauer	2
Nagel	Zubehör	2
Nagel	Wachstum	2
Nagel	Verleihung	2
Nagel	Spur	2
Nagel	Span	2
Nagel	Schmiede	2
Nagel	Schaden	2
Nagel	Masochist	2
Nagel	Maniküre	2
Nagel	Macher	2
Nagel	Länge	2
Nagel	Lackierer	2
Nagel	Knabberer	2
Nagel	Keks	2
Nagel	Kante	2
Nagel	Härter	2
Nagel	Größe	2
Nagel	Gestalt	2
Nagel	Geschichte	2
Nagel	Fabrik	2
Nagel	Einstellung	2
Nagel	Eindruck	2
Nagel	Brüchigkeit	2
Nagel	Brett	2
Nagel	Beschaffenheit	2
Nagel	Abschnitt	2
Nagel	Abdruck	2
Mutter	Überhang	2
Mutter	Wille	2
Mutter	Wettbewerb	2
Mutter	Wasser	2
Mutter	Wallfahrt	2
Mutter	Versorgung	2
Mutter	Versammlung	2
Mutter	Verhalten	2
Mutter	Verantwortung	2
Mutter	Unterhalt	2
Mutter	Truppe	2
Mutter	Trauma	2
Mutter	Traum	2
Mutter	Tochter	2
Mutter	Tankstelle	2
Mutter	Talk	2
Mutter	Stolz	2
Mutter	Sprachler	2
Mutter	Spielerin	2
Mutter	Schreck	2
Mutter	Rechtler	2
Mutter	Problem	2
Mutter	Pflicht	2
Mutter	Pflege	2
Mutter	Pause	2
Mutter	Partei	2
Mutter	Olympiade	2
Mutter	Oase	2
Mutter	Nachmittag	2
Mutter	Mythe	2
Mutter	Mutter	2
Mutter	Monster	2
Mutter	Ministerium	2
Mutter	Manier	2
Mutter	Lunch	2
Mutter	Lohn	2
Mutter	Leistung	2
Mutter	Lehrgang	2
Mutter	Leben	2
Mutter	Kämpferin	2
Mutter	Krankheit	2
Mutter	Komplex	2
Mutter	Kolonne	2
Mutter	Klischee	2
Mutter	Klasse	2
Mutter	Industrie	2
Mutter	Hörigkeit	2
Mutter	Hotel	2
Mutter	Haushalt	2
Mutter	Hasserin	2
Mutter	Gesellschaft	2
Mutter	Gekeife	2
Mutter	Freundinnen	2
Mutter	Freund	2
Mutter	Frau	2
Mutter	Fonds	2
Mutter	Fitness	2
Mutter	Familie	2
Mutter	Fahne	2
Mutter	Faden	2
Mutter	Fach	2
Mutter	Ethos	2
Mutter	Entlastung	2
Mutter	Einrichtung	2
Mutter	Dämmerung	2
Mutter	Dreiheit	2
Mutter	Diskussion	2
Mutter	Community	2
Mutter	Brille	2
Mutter	Beweihräucherung	2
Mutter	Beschäftigung	2
Mutter	Berufstätigkeit	2
Mutter	Bereich	2
Mutter	Bemerkung	2
Mutter	Becken	2
Mutter	Bashing	2
Mutter	Bank	2
Mutter	Band	2
Mutter	Arm	2
Mutter	Anwalt	2
Mutter	Angst	2
Mutter	Abteilung	2
Mantel	Trend	2
Mantel	Tasche	2
Mantel	Geschichte	2
Mantel	Fabrik	2
Mangel	Wohnung	2
Mangel	Wert	2
Mangel	Vorfall	2
Mangel	Verhalten	2
Mangel	Vergleich	2
Mangel	Verfassung	2
Mangel	Verfahren	2
Mangel	Tour	2
Mangel	Tipp	2
Mangel	These	2
Mangel	Stau	2
Mangel	Spur	2
Mangel	Spektrum	2
Mangel	Spalte	2
Mangel	Serie	2
Mangel	Schiff	2
Mangel	Sanierung	2
Mangel	Sammlung	2
Mangel	Rückhalt	2
Mangel	Rund	2
Mangel	Richtlinie	2
Mangel	Relativierung	2
Mangel	Rekord	2
Mangel	Regelung	2
Mangel	Recherche	2
Mangel	Rabatt	2
Mangel	Produkt	2
Mangel	Problematik	2
Mangel	Post	2
Mangel	Notiz	2
Mangel	Neigung	2
Mangel	Modell	2
Mangel	Lok	2
Mangel	König	2
Mangel	Kritik	2
Mangel	Kriterium	2
Mangel	Komplex	2
Mangel	Information	2
Mangel	Herd	2
Mangel	Geschichte	2
Mangel	Forderung	2
Mangel	Erlebnis	2
Mangel	Entwicklung	2
Mangel	Einwendung	2
Mangel	Eingeständnis	2
Mangel	Eigenschaft	2
Mangel	Darstellung	2
Mangel	Brief	2
Mangel	Bezeichnung	2
Mangel	Bett	2
Mangel	Betrieb	2
Mangel	Besprechung	2
Mangel	Beruf	2
Mangel	Berg	2
Mangel	Beitrag	2
Mangel	Behaftetheit	2
Mangel	Aufdeckung	2
Mangel	Artikel	2
Mangel	Anstieg	2
Mangel	Anmeldung	2
Mangel	Ankündigung	2
Mangel	Angelegenheit	2
Mangel	Abweichung	2
Mangel	Abteilung	2
Mangel	Abstimmung	2
Mangel	Abschlag	2
Mangel	Abnahme	2
Lager	Wald	2
Lager	Vegetation	2
Lager	Type	2
Lager	Straße	2
Lager	Stein	2
Lager	Bock	2
Lager	Bach	2
Laden	Name	2
Laden	Inhaber	2
Laden	Fläche	2
Kragen	Park	2
Kloster	Ware	2
Kloster	Schüler	2
Kloster	Route	2
Kloster	Plündern	2
Kloster	Mönch	2
Kloster	Markt	2
Kloster	Liste	2
Kloster	Frage	2
Kloster	Bau	2
Kloster	Archiv	2
Kloster	Anlage	2
Kindergarten	Renovierung	2
Kindergarten	Bau	2
Kasten	Klettern	2
Kasten	Ecke	2
Hammer	Vorgang	2
Hammer	Schlagzeug	2
Hammer	Musik	2
Hammer	Land	2
Hammer	Berg	2
Hafen	Politik	2
Hafen	Partie	2
Hafen	Markt	2
Hafen	Literat	2
Hafen	Elegie	2
Großvater	Tag	2
Großvater	Literatur	2
Großvater	Herrschaft	2
Großvater	Freundlichkeit	2
Großmutter	Projekt	2
Großmutter	Dienst	2
Großmutter	Bild	2
Großmutter	Alter	2
Granatapfel	Plantage	2
Granatapfel	Garten	2
Graben	Feld	2
Garten	Straße	2
Garten	Möbel	2
Garten	Markt	2
Garten	Liebhaber	2
Garten	Häuschen	2
Garten	Gerät	2
Garten	Fläche	2
Garten	Erbedarf	2
Fußboden	Heizung	2
Fußboden	Beschichtung	2
Fußboden	Beleg	2
Fußboden	Aufbauten	2
Flughafen	Kontrolle	2
Flughafen	Gelände	2
Flughafen	Gebühr	2
Faden	Spanne	2
Faden	Modell	2
Faden	Knäuel	2
Faden	Führer	2
Bruder	Zentrum	2
Bruder	Wirtschaft	2
Bruder	Werk	2
Bruder	Viertel	2
Bruder	Vereinigung	2
Bruder	Turm	2
Bruder	Trias	2
Bruder	Tragödie	2
Bruder	Teilung	2
Bruder	Stube	2
Bruder	Stollen	2
Bruder	Sozietät	2
Bruder	Siedlung	2
Bruder	Seminar	2
Bruder	Seite	2
Bruder	Sein	2
Bruder	Schaf	2
Bruder	Schacht	2
Bruder	Sarkophag	2
Bruder	Rivalität	2
Bruder	Reich	2
Bruder	Regel	2
Bruder	Projekt	2
Bruder	Pack	2
Bruder	Name	2
Bruder	Mörder	2
Bruder	Modell	2
Bruder	Lehrer	2
Bruder	Lehre	2
Bruder	Konstellation	2
Bruder	Kongregation	2
Bruder	Kirchweih	2
Bruder	Historie	2
Bruder	Hilfe	2
Bruder	Herzchen	2
Bruder	Herrschaft	2
Bruder	Heer	2
Bruder	Gymnasium	2
Bruder	Grab	2
Bruder	Finale	2
Bruder	Figur	2
Bruder	Feld	2
Bruder	Fehde	2
Bruder	Einheit	2
Bruder	Bündnis	2
Bruder	Burg	2
Bruder	Blut	2
Bruder	Besuch	2
Bruder	Attacke	2
Bruder	Armee	2
Bruder	Andeutung	2
Bruder	Allianz	2
Bruder	Abend	2
Briefkasten	Standort	2
Bogen	Fenster	2
Bogen	Anzahl	2
Boden	Wechsel	2
Boden	Dorf	2
Apfel	Vorrat	2
Apfel	Teil	2
Apfel	Teich	2
Apfel	Tauchen	2
Apfel	Stadt	2
Apfel	Saft	2
Apfel	Rest	2
Apfel	Presse	2
Apfel	Männchen	2
Apfel	Most	2
Apfel	Mann	2
Apfel	Liebhaber	2
Apfel	Lager	2
Apfel	Körbchen	2
Apfel	Korb	2
Apfel	Knabbern	2
Apfel	Klauer	2
Apfel	Klau	2
Apfel	Kammer	2
Apfel	Händlerin	2
Apfel	Haus	2
Apfel	Feld	2
Apfel	Diebstahl	2
Apfel	Bauer	2
Apfel	Aufsammeln	2
Apfel	Auflauf	2
Apfel	Anzahl	2
Apfel	Achtel	2
Acker	Verwaltung	2
Acker	Salat	2
Acker	Rand	2
Acker	Mann	2
Acker	Feld	2
Acker	Besitzer	2
Abwasser	Verwertung	2
Abwasser	Verband	2
Abwasser	Strom	2
Abwasser	Schlauch	2
Abwasser	Menge	2
Abwasser	Kopf	2
Abwasser	Grube	2
Abwasser	Einrichtung	2
Abwasser	Behandlung	2
Wasser	Wirtschaft	1
Wasser	Wert	1
Wasser	Werden	1
Wasser	Wehr	1
Wasser	Wart	1
Wasser	Verkostung	1
Wasser	Turm	1
Wasser	Träger	1
Wasser	Tip	1
Wasser	Temperatur	1
Wasser	Sättigung	1
Wasser	Suppe	1
Wasser	Sucht	1
Wasser	Stein	1
Wasser	Sport	1
Wasser	Ski	1
Wasser	Schüssel	1
Wasser	Recht	1
Wasser	Problematik	1
Wasser	Kraft	1
Wasser	Kanal	1
Wasser	Ich	1
Wasser	Hilfe	1
Wasser	Haushalt	1
Wasser	Hahn	1
Wasser	Gemeinschaft	1
Wasser	Behörde	1
Wahller	Gunst	1
Vorvater	Tradition	1
Vorvater	Ort	1
Vorvater	Medium	1
Vorvater	Leier	1
Vorvater	Blut	1
Vorvater	Art	1
Vogel	Züchterin	1
Vogel	Zählung	1
Vogel	Zunge	1
Vogel	Zubehör	1
Vogel	Weise	1
Vogel	Wanderung	1
Vogel	Vorkommen	1
Vogel	Volk	1
Vogel	Voliere	1
Vogel	Verein	1
Vogel	Tour	1
Vogel	Tier	1
Vogel	Tapser	1
Vogel	Tag	1
Vogel	Studium	1
Vogel	Steuer	1
Vogel	Station	1
Vogel	Spiel	1
Vogel	Skulptur	1
Vogel	Singsang	1
Vogel	Silhouette	1
Vogel	Schlägerei	1
Vogel	Scheiße	1
Vogel	Ruf	1
Vogel	Richtlinie	1
Vogel	Reservation	1
Vogel	Rate	1
Vogel	Quartett	1
Vogel	Pärchen	1
Vogel	Präparat	1
Vogel	Platz	1
Vogel	Phantasie	1
Vogel	Pfeifer	1
Vogel	Pfeife	1
Vogel	Pest	1
Vogel	Mob	1
Vogel	Miere	1
Vogel	Meisterschaft	1
Vogel	Mann	1
Vogel	Lust	1
Vogel	Laus	1
Vogel	Kontur	1
Vogel	Junge	1
Vogel	Jubeln	1
Vogel	Insel	1
Vogel	Häuslein	1
Vogel	Historie	1
Vogel	Held	1
Vogel	Heide	1
Vogel	Halt	1
Vogel	Greif	1
Vogel	Gewohnheit	1
Vogel	Geschlecht	1
Vogel	Geplauder	1
Vogel	Gebrüder	1
Vogel	Gebirge	1
Vogel	Gattung	1
Vogel	Fütterer	1
Vogel	Förderer	1
Vogel	Fotografie	1
Vogel	Formation	1
Vogel	Form	1
Vogel	Flattern	1
Vogel	Fang	1
Vogel	Ehe	1
Vogel	Ecke	1
Vogel	Diffamierung	1
Vogel	Dieb	1
Vogel	Buch	1
Vogel	Brunn	1
Vogel	Biss	1
Vogel	Bildchen	1
Vogel	Bett	1
Vogel	Besitzer	1
Vogel	Berg	1
Vogel	Beeinträchtigung	1
Vogel	Asche	1
Vogel	Abwehr	1
Vitalienbruder	Zug	1
Vater	Überlieferung	1
Vater	Zusammenschluss	1
Vater	Zeugnis	1
Vater	Zelt	1
Vater	Zeitler	1
Vater	Wüste	1
Vater	Würde	1
Vater	Wille	1
Vater	Werkeln	1
Vater	Wechsel	1
Vater	Vortrag	1
Vater	Vielfalt	1
Vater	Verurteilung	1
Vater	Verständnis	1
Vater	Verschuldung	1
Vater	Vernetzung	1
Vater	Verhältnis	1
Vater	Vergnügen	1
Vater	Vergleich	1
Vater	Verfolger	1
Vater	Verbot	1
Vater	Unterweisung	1
Vater	Unmut	1
Vater	Typisierung	1
Vater	Traum	1
Vater	Tragödie	1
Vater	Tracht	1
Vater	Tour	1
Vater	Tipp	1
Vater	Therapie	1
Vater	Theater	1
Vater	Terror	1
Vater	Termin	1
Vater	Teilzeitler	1
Vater	Teilnahme	1
Vater	Teil	1
Vater	Tausch	1
Vater	Tagebuch	1
Vater	Sünde	1
Vater	Symposium	1
Vater	Stätte	1
Vater	Studium	1
Vater	Student	1
Vater	Streik	1
Vater	Standpunkt	1
Vater	Staffel	1
Vater	Stadt	1
Vater	Spuk	1
Vater	Sorge	1
Vater	Sonntag	1
Vater	Serie	1
Vater	Sentimentalität	1
Vater	Sentenz	1
Vater	Selbstmord	1
Vater	Seilschaft	1
Vater	Schwemme	1
Vater	Schreck	1
Vater	Schicht	1
Vater	Schelte	1
Vater	Samstag	1
Vater	Salon	1
Vater	Resistance	1
Vater	Rente	1
Vater	Rennen	1
Vater	Regime	1
Vater	Regelung	1
Vater	Ratgeber	1
Vater	Quälerei	1
Vater	Quartett	1
Vater	Qualität	1
Vater	Puls	1
Vater	Präsentation	1
Vater	Protest	1
Vater	Projektion	1
Vater	Premiere	1
Vater	Preis	1
Vater	Praktikum	1
Vater	Politiker	1
Vater	Picknick	1
Vater	Pflicht	1
Vater	Pfad	1
Vater	Pause	1
Vater	Parade	1
Vater	Panorama	1
Vater	Opfer	1
Vater	Ohnmacht	1
Vater	Mörder	1
Vater	Möglichkeit	1
Vater	Mutter	1
Vater	Mord	1
Vater	Moment	1
Vater	Misere	1
Vater	Ministerium	1
Vater	Meinung	1
Vater	Meile	1
Vater	Mehrheit	1
Vater	Manier	1
Vater	Manie	1
Vater	Mal	1
Vater	Magazin	1
Vater	Lücke	1
Vater	Lob	1
Vater	Linie	1
Vater	Liebe	1
Vater	Lauf	1
Vater	Lastigkeit	1
Vater	Körper	1
Vater	Können	1
Vater	Käse	1
Vater	Kuss	1
Vater	Kundgebung	1
Vater	Konto	1
Vater	Konsens	1
Vater	Kommissar	1
Vater	Kombination	1
Vater	Kolumne	1
Vater	Kollektiv	1
Vater	Knoten	1
Vater	Knolle	1
Vater	Knappheit	1
Vater	Klausel	1
Vater	Klage	1
Vater	Karte	1
Vater	Karenzler	1
Vater	Kapitel	1
Vater	Jude	1
Vater	Ideologie	1
Vater	Hotel	1
Vater	Horde	1
Vater	Holocaust	1
Vater	Hetze	1
Vater	Herrlichkeit	1
Vater	Hain	1
Vater	Grüppchen	1
Vater	Gründung	1
Vater	Glosse	1
Vater	Gewerkschaft	1
Vater	Gespräch	1
Vater	Gespann	1
Vater	Genre	1
Vater	Gemeinde	1
Vater	Geist	1
Vater	Gebrauch	1
Vater	Gebot	1
Vater	Fürsprecher	1
Vater	Fähigkeit	1
Vater	Furcht	1
Vater	Frust	1
Vater	Fronthaftigkeit	1
Vater	Fresser	1
Vater	Forscherin	1
Vater	Form	1
Vater	Flucht	1
Vater	Finder	1
Vater	Experiment	1
Vater	Erziehung	1
Vater	Entwertung	1
Vater	Entsorgerin	1
Vater	Entscheidung	1
Vater	Entfremdung	1
Vater	Ehe	1
Vater	Domäne	1
Vater	Diskussion	1
Vater	Ding	1
Vater	Dilemma	1
Vater	Dichte	1
Vater	Chat	1
Vater	Burg	1
Vater	Bund	1
Vater	Boom	1
Vater	Blut	1
Vater	Blogger	1
Vater	Blick	1
Vater	Bindung	1
Vater	Bildner	1
Vater	Bibliothek	1
Vater	Bezug	1
Vater	Beseitigung	1
Vater	Beschwerde	1
Vater	Beispiel	1
Vater	Begleiter	1
Vater	Begegnung	1
Vater	Bau	1
Vater	Basteln	1
Vater	Aussonderung	1
Vater	Ausschluss	1
Vater	Auspressung	1
Vater	Ausgrenzer	1
Vater	Ausbruch	1
Vater	Aufstand	1
Vater	Audit	1
Vater	Attacke	1
Vater	Artikel	1
Vater	Arbeiter	1
Vater	Anliegen	1
Vater	Anfütterung	1
Vater	Allianz	1
Vater	Aktivierung	1
Vater	Absenz	1
Tochter	Äquivalent	1
Tochter	Zuschlag	1
Tochter	Zeile	1
Tochter	Wunsch	1
Tochter	Werk	1
Tochter	Wein	1
Tochter	Weib	1
Tochter	Weg	1
Tochter	Verstümmelung	1
Tochter	Verschieber	1
Tochter	Verlag	1
Tochter	Vergewaltigung	1
Tochter	Vereinigung	1
Tochter	Verein	1
Tochter	Verachtung	1
Tochter	Unternehmung	1
Tochter	Trio	1
Tochter	Tafel	1
Tochter	Stuhl	1
Tochter	Stiftung	1
Tochter	Spiegel	1
Tochter	Sicht	1
Tochter	Seminar	1
Tochter	Schwarm	1
Tochter	Schlächter	1
Tochter	Schiff	1
Tochter	Schacht	1
Tochter	Schacherer	1
Tochter	Sage	1
Tochter	Residenz	1
Tochter	Recht	1
Tochter	Punkt	1
Tochter	Publikum	1
Tochter	Prüfung	1
Tochter	Präferenz	1
Tochter	Projekt	1
Tochter	Platte	1
Tochter	Planet	1
Tochter	Papa	1
Tochter	Paar	1
Tochter	Not	1
Tochter	Name	1
Tochter	Nachkommenschaft	1
Tochter	Nachfolge	1
Tochter	Mörder	1
Tochter	Marke	1
Tochter	Lösung	1
Tochter	Literatur	1
Tochter	Lehrer	1
Tochter	Leben	1
Tochter	Kultur	1
Tochter	Kraft	1
Tochter	Klasse	1
Tochter	Kitsch	1
Tochter	Kind	1
Tochter	Jungfräulichkeit	1
Tochter	Image	1
Tochter	Ideal	1
Tochter	Hort	1
Tochter	Heirat	1
Tochter	Haber	1
Tochter	Gymnasium	1
Tochter	Gespielin	1
Tochter	Geschwür	1
Tochter	Geschwader	1
Tochter	Geschrei	1
Tochter	Geschichte	1
Tochter	Freundinnen	1
Tochter	Frau	1
Tochter	Frage	1
Tochter	Forum	1
Tochter	Erfahrung	1
Tochter	Eltern	1
Tochter	Ehe	1
Tochter	Dorf	1
Tochter	Bund	1
Tochter	Buch	1
Tochter	Blut	1
Tochter	Bilanz	1
Tochter	Beziehung	1
Tochter	Basis	1
Tochter	Band	1
Tochter	Ausverkauf	1
Tochter	Ausstattung	1
Tochter	Ausbildung	1
Spitzbogen	Umrahmung	1
Spitzbogen	Konstruktion	1
Spitzbogen	Form	1
Soller	Zimmer	1
Soller	Werk	1
Soller	Tal	1
Soller	Stube	1
Soller	Meister	1
Soller	Innen	1
Soller	Hütte	1
Soller	Eingang	1
Soller	Buch	1
Soller	Alp	1
Sinkkasten	Rückstand	1
Sinkkasten	Inhalt	1
Sinkkasten	Einlauf	1
Singvogel	Wettbewerb	1
Singvogel	Wanderung	1
Singvogel	Schwund	1
Singvogel	Population	1
Singvogel	Pastete	1
Singvogel	Musik	1
Singvogel	Monster	1
Singvogel	Meuchelmörder	1
Singvogel	Lied	1
Singvogel	Kasten	1
Singvogel	Junge	1
Singvogel	Jagd	1
Singvogel	Evolution	1
Singvogel	Eiern	1
Singvogel	Bild	1
Singvogel	Beispiel	1
Schützengraben	System	1
Schützengraben	Schaufler	1
Schützengraben	Loch	1
Schützengraben	Graben	1
Schützengraben	Gewirr	1
Schützengraben	Generation	1
Schützengraben	Gebet	1
Schützengraben	Foto	1
Schützengraben	Brüderschaft	1
Schützengraben	Bauer	1
Schützengraben	Bau	1
Schützengraben	Anlage	1
Schrebergarten	Zaun	1
Schrebergarten	Kultur	1
Schrebergarten	Idylle	1
Schrebergarten	Gebiet	1
Schrebergarten	Besitzer	1
Schrebergarten	Atmosphäre	1
Schrebergarten	Areal	1
Schnabel	Spitze	1
Schaden	Weg	1
Schaden	Resistenz	1
Schaden	Reduzierung	1
Schaden	Potential	1
Schaden	Pflaster	1
Schaden	Form	1
Schaden	Erzeugung	1
Schaden	Bildung	1
Sattel	Zubehör	1
Sattel	Träger	1
Sattel	Slot	1
Sattel	Schrank	1
Sattel	Schlepper	1
Sattel	Kopf	1
Sattel	Joch	1
Sattel	Hälfte	1
Sattel	Halter	1
Sattel	Größe	1
Sattel	Dach	1
Sattel	Bewertung	1
Sattel	Art	1
Rundbogen	Öffnung	1
Rundbogen	Wand	1
Rundbogen	Mauerung	1
Rundbogen	Fries	1
Rundbogen	Decke	1
Rundbogen	Arkade	1
Rundbogen	Abschluss	1
Regenbogen	Stern	1
Regenbogen	Brücke	1
Proller	Wirt	1
Proller	Weg	1
Proller	Wald	1
Proller	Straße	1
Proller	Geist	1
Proller	Feld	1
Proller	Alm	1
Ofen	Zug	1
Ofen	Zubehör	1
Ofen	Wand	1
Ofen	Tür	1
Ofen	Thematik	1
Ofen	Tal	1
Ofen	Spitze	1
Ofen	Schacht	1
Ofen	Planung	1
Ofen	Modell	1
Ofen	Klamm	1
Ofen	Hersteller	1
Ofen	Heizung	1
Ofen	Betreiber	1
Ofen	Besitzer	1
Nistkasten	Teil	1
Nistkasten	Säuberung	1
Nistkasten	Reinigung	1
Nistkasten	Putzete	1
Nistkasten	Hersteller	1
Nistkasten	Geschichte	1
Nistkasten	Dach	1
Nistkasten	Boden	1
Nistkasten	Betreuung	1
Nistkasten	Anlage	1
Nagel	Überzug	1
Nagel	Zwicke	1
Nagel	Zelle	1
Nagel	Wickel	1
Nagel	Wahn	1
Nagel	Vitamin	1
Nagel	Verschönerung	1
Nagel	Verfärbung	1
Nagel	Verbindung	1
Nagel	Variante	1
Nagel	Treiben	1
Nagel	Therapie	1
Nagel	Teil	1
Nagel	Tante	1
Nagel	Tablette	1
Nagel	Säubern	1
Nagel	Stärkung	1
Nagel	Stärke	1
Nagel	Ständer	1
Nagel	Stummel	1
Nagel	Straße	1
Nagel	Stapel	1
Nagel	Spitzer	1
Nagel	Spiel	1
Nagel	Spalte	1
Nagel	Sieder	1
Nagel	Set	1
Nagel	Schuppe	1
Nagel	Schnitzel	1
Nagel	Schleife	1
Nagel	Schau	1
Nagel	Sache	1
Nagel	Rille	1
Nagel	Rahmen	1
Nagel	Putz	1
Nagel	Produktion	1
Nagel	Presslin	1
Nagel	Pilz	1
Nagel	Pfeil	1
Nagel	Pause	1
Nagel	Paket	1
Nagel	Paar	1
Nagel	Ornament	1
Nagel	Oberfläche	1
Nagel	Narbe	1
Nagel	Motiv	1
Nagel	Manschette	1
Nagel	Magazin	1
Nagel	Macherei	1
Nagel	Liege	1
Nagel	Lieferung	1
Nagel	Liebhaberin	1
Nagel	Kür	1
Nagel	Käuer	1
Nagel	Kreation	1
Nagel	Kratze	1
Nagel	Kranz	1
Nagel	Knabberei	1
Nagel	Klippe	1
Nagel	Kasten	1
Nagel	Kampf	1
Nagel	Häutchen	1
Nagel	Herstellung	1
Nagel	Haut	1
Nagel	Haue	1
Nagel	Halterung	1
Nagel	Haar	1
Nagel	Getue	1
Nagel	Füllung	1
Nagel	Fass	1
Nagel	Fahrzeug	1
Nagel	Fabrikant	1
Nagel	Experte	1
Nagel	Ende	1
Nagel	Eisen	1
Nagel	Einstich	1
Nagel	Einbaum	1
Nagel	Ecke	1
Nagel	Creme	1
Nagel	Bürste	1
Nagel	Bombe	1
Nagel	Bildung	1
Nagel	Biege	1
Nagel	Bett	1
Nagel	Betrieb	1
Nagel	Beschlag	1
Nagel	Berg	1
Nagel	Bemalung	1
Nagel	Beißerin	1
Nagel	Bearbeitung	1
Nagel	Baum	1
Nagel	Barriere	1
Nagel	Band	1
Nagel	Aufspürer	1
Nagel	Art	1
Nagel	Ansatz	1
Nagel	Abweichung	1
Nagel	Abbrecher	1
Nachtigaller	Infektion	1
Nachtigaller	Flöte	1
Nachtigaller	Fimmel	1
Mutter	Überlieferung	1
Mutter	Ökonomie	1
Mutter	Zwist	1
Mutter	Zusatz	1
Mutter	Zunge	1
Mutter	Zone	1
Mutter	Zirkel	1
Mutter	Zentum	1
Mutter	Workshop	1
Mutter	Wohnung	1
Mutter	Wettkampf	1
Mutter	Weise	1
Mutter	Weide	1
Mutter	Weg	1
Mutter	Weekend	1
Mutter	Wahnsinn	1
Mutter	Vorurteil	1
Mutter	Vorrecht	1
Mutter	Vorrang	1
Mutter	Vitamin	1
Mutter	Virus	1
Mutter	Veto	1
Mutter	Verächter	1
Mutter	Vertreibung	1
Mutter	Versteherin	1
Mutter	Verlust	1
Mutter	Vergiftung	1
Mutter	Vergewaltigung	1
Mutter	Verfolgung	1
Mutter	Verbot	1
Mutter	Vater	1
Mutter	Unterkunft	1
Mutter	Universum	1
Mutter	Union	1
Mutter	Umkreis	1
Mutter	Töchterchen	1
Mutter	Trilogie	1
Mutter	Trauer	1
Mutter	Transport	1
Mutter	Trakt	1
Mutter	Tour	1
Mutter	Tier	1
Mutter	Thematik	1
Mutter	Test	1
Mutter	Sultan	1
Mutter	Stute	1
Mutter	Stunde	1
Mutter	Studie	1
Mutter	Streik	1
Mutter	Strang	1
Mutter	Stimme	1
Mutter	Sterben	1
Mutter	Status	1
Mutter	Stall	1
Mutter	Stahl	1
Mutter	Staffel	1
Mutter	Staat	1
Mutter	Sprachlerin	1
Mutter	Spiel	1
Mutter	Sonntag	1
Mutter	Solidarität	1
Mutter	Sitte	1
Mutter	Siedlung	1
Mutter	Seligkeit	1
Mutter	Selbsthilfe	1
Mutter	Selbst	1
Mutter	Sektion	1
Mutter	Seele	1
Mutter	Schützer	1
Mutter	Schöpferin	1
Mutter	Schmaus	1
Mutter	Schlampe	1
Mutter	Schimpf	1
Mutter	Scheiß	1
Mutter	Satz	1
Mutter	Rückgang	1
Mutter	Ruf	1
Mutter	Rock	1
Mutter	Riege	1
Mutter	Rhetorik	1
Mutter	Revier	1
Mutter	Republik	1
Mutter	Reise	1
Mutter	Reihe	1
Mutter	Reflex	1
Mutter	Ratgeber	1
Mutter	Rat	1
Mutter	Quartier	1
Mutter	Protest	1
Mutter	Proletariat	1
Mutter	Profil	1
Mutter	Produktivität	1
Mutter	Privilegium	1
Mutter	Predigt	1
Mutter	Position	1
Mutter	Porträt	1
Mutter	Population	1
Mutter	Politikerin	1
Mutter	Platz	1
Mutter	Plattform	1
Mutter	Phänomen	1
Mutter	Pavillon	1
Mutter	Nostalgie	1
Mutter	Nerv	1
Mutter	Natur	1
Mutter	Müller	1
Mutter	Moral	1
Mutter	Meute	1
Mutter	Meeting	1
Mutter	Maßnahme	1
Mutter	Martyrium	1
Mutter	Marionette	1
Mutter	Manipulation	1
Mutter	Lächeln	1
Mutter	Lyrik	1
Mutter	Logik	1
Mutter	Literatur	1
Mutter	List	1
Mutter	Lied	1
Mutter	Leier	1
Mutter	Lager	1
Mutter	Kümmerer	1
Mutter	Kümmel	1
Mutter	Kuss	1
Mutter	Kuscheln	1
Mutter	Kultur	1
Mutter	Kränzchen	1
Mutter	Kram	1
Mutter	Krach	1
Mutter	Korn	1
Mutter	Kopf	1
Mutter	Kontakt	1
Mutter	Kompetenz	1
Mutter	Kollektiv	1
Mutter	Kollegin	1
Mutter	Knolle	1
Mutter	Kit	1
Mutter	Kiste	1
Mutter	Kasse	1
Mutter	Karawane	1
Mutter	Kampf	1
Mutter	Kammer	1
Mutter	Kabarett	1
Mutter	Justiz	1
Mutter	Jammern	1
Mutter	Interview	1
Mutter	Inspektion	1
Mutter	Ideologin	1
Mutter	Idee	1
Mutter	Hysterie	1
Mutter	Hotline	1
Mutter	Homepage	1
Mutter	Helferin	1
Mutter	Hass	1
Mutter	Handtasche	1
Mutter	Handbuch	1
Mutter	Gymnastik	1
Mutter	Grüppchen	1
Mutter	Grab	1
Mutter	Gottheit	1
Mutter	Gott	1
Mutter	Gewinde	1
Mutter	Gesicht	1
Mutter	Gesetz	1
Mutter	Geschütz	1
Mutter	Geschwafel	1
Mutter	Geschwader	1
Mutter	Geschrei	1
Mutter	Geschlecht	1
Mutter	Geschenk	1
Mutter	Gesang	1
Mutter	Gemeinde	1
Mutter	Gejammere	1
Mutter	Gefälligkeit	1
Mutter	Geburtstag	1
Mutter	Gebet	1
Mutter	Gang	1
Mutter	Frust	1
Mutter	Fortbildung	1
Mutter	Fixierung	1
Mutter	Fixiertheit	1
Mutter	Firma	1
Mutter	Ficker	1
Mutter	Feste	1
Mutter	Feind	1
Mutter	Feier	1
Mutter	Fan	1
Mutter	Etwas	1
Mutter	Erziehung	1
Mutter	Erfahrung	1
Mutter	Entspannung	1
Mutter	Entbehrung	1
Mutter	Elend	1
Mutter	Einfluss	1
Mutter	Eiern	1
Mutter	Ehrung	1
Mutter	Dummheit	1
Mutter	Diskurs	1
Mutter	Ding	1
Mutter	Diktatur	1
Mutter	Dichte	1
Mutter	Demenz	1
Mutter	Debatte	1
Mutter	Datum	1
Mutter	Cup	1
Mutter	Chor	1
Mutter	Charakter	1
Mutter	Bündnis	1
Mutter	Bündel	1
Mutter	Bus	1
Mutter	Burg	1
Mutter	Brunnen	1
Mutter	Box	1
Mutter	Blick	1
Mutter	Biografie	1
Mutter	Bezug	1
Mutter	Besuch	1
Mutter	Besorgnis	1
Mutter	Beschuldigung	1
Mutter	Beschimpferin	1
Mutter	Beruf	1
Mutter	Beihilfe	1
Mutter	Begünstigerin	1
Mutter	Begriff	1
Mutter	Bedürfnis	1
Mutter	Basteln	1
Mutter	Basis	1
Mutter	Ballett	1
Mutter	Auto	1
Mutter	Ausweis	1
Mutter	Auswahl	1
Mutter	Aussage	1
Mutter	Ausgrenzung	1
Mutter	Ausflug	1
Mutter	Ausbildnerin	1
Mutter	Ausbeutung	1
Mutter	Aufsicht	1
Mutter	Aufmerksamkeit	1
Mutter	Auflauf	1
Mutter	Aufgabe	1
Mutter	Artikel	1
Mutter	Armada	1
Mutter	Appell	1
Mutter	Anliegen	1
Mutter	Anleiterin	1
Mutter	Angebot	1
Mutter	Anbeter	1
Mutter	Allianz	1
Mutter	Akte	1
Mutter	Akademie	1
Marstaller	Platz	1
Mantel	Wald	1
Mantel	Variante	1
Mantel	Träger	1
Mantel	Stoff	1
Mantel	Sponsoring	1
Mantel	Schneider	1
Mantel	Räuber	1
Mantel	Kragen	1
Mantel	Junker	1
Mantel	Frage	1
Mantel	Fetzen	1
Mantel	Abteilung	1
Mangel	Überwachung	1
Mangel	Übersicht	1
Mangel	Zuweisung	1
Mangel	Zuordnung	1
Mangel	Zunahme	1
Mangel	Zucht	1
Mangel	Zitat	1
Mangel	Zeug	1
Mangel	Zeit	1
Mangel	Wort	1
Mangel	Warnung	1
Mangel	Wahrnehmung	1
Mangel	Wahn	1
Mangel	Vortrag	1
Mangel	Vorschrift	1
Mangel	Vorgang	1
Mangel	Vordruck	1
Mangel	Visualisierung	1
Mangel	Vielfalt	1
Mangel	Vermerk	1
Mangel	Verlangen	1
Mangel	Verkauf	1
Mangel	Verfügung	1
Mangel	Verantwortung	1
Mangel	Veranstaltung	1
Mangel	Umsetzung	1
Mangel	Umfrage	1
Mangel	Typ	1
Mangel	Trächtigkeit	1
Mangel	Tisch	1
Mangel	Thesis	1
Mangel	Theorie	1
Mangel	Thematik	1
Mangel	Thema	1
Mangel	Teufel	1
Mangel	Termin	1
Mangel	Telefon	1
Mangel	Teil	1
Mangel	Tatbestand	1
Mangel	Sättigung	1
Mangel	Szenarium	1
Mangel	Szenario	1
Mangel	System	1
Mangel	Syndrom	1
Mangel	Stute	1
Mangel	Studie	1
Mangel	Streit	1
Mangel	Socke	1
Mangel	Sichtung	1
Mangel	Sicherung	1
Mangel	Service	1
Mangel	Schuh	1
Mangel	Schrank	1
Mangel	Schnitt	1
Mangel	Schlüssel	1
Mangel	Sachverhalt	1
Mangel	Sache	1
Mangel	Rüger	1
Mangel	Rücktritt	1
Mangel	Roulette	1
Mangel	Roller	1
Mangel	Ressource	1
Mangel	Reiterei	1
Mangel	Regime	1
Mangel	Regel	1
Mangel	Reduktion	1
Mangel	Rechtfertigung	1
Mangel	Rechnung	1
Mangel	Rabatte	1
Mangel	Quantität	1
Mangel	Qualifizierung	1
Mangel	Publikation	1
Mangel	Psychose	1
Mangel	Prüfer	1
Mangel	Prävention	1
Mangel	Prototyp	1
Mangel	Protokollierung	1
Mangel	Prognose	1
Mangel	Produzierer	1
Mangel	Portal	1
Mangel	Porsche	1
Mangel	Plan	1
Mangel	Papier	1
Mangel	Panik	1
Mangel	Palette	1
Mangel	Orgie	1
Mangel	Ofen	1
Mangel	Objekt	1
Mangel	Niveau	1
Mangel	Nachricht	1
Mangel	Muster	1
Mangel	Motorrad	1
Mangel	Mobil	1
Mangel	Minimierung	1
Mangel	Milieu	1
Mangel	Mappe	1
Mangel	Manage	1
Mangel	Luder	1
Mangel	Lizenz	1
Mangel	Leiste	1
Mangel	Leiche	1
Mangel	Lager	1
Mangel	Kunde	1
Mangel	Kumulation	1
Mangel	Kultur	1
Mangel	Krone	1
Mangel	Krieger	1
Mangel	Konstruktion	1
Mangel	Kombination	1
Mangel	Kodierung	1
Mangel	Klassifizierung	1
Mangel	Katastrophe	1
Mangel	Kaste	1
Mangel	Kaschierung	1
Mangel	Kartei	1
Mangel	Karre	1
Mangel	Kandidat	1
Mangel	Institution	1
Mangel	Icon	1
Mangel	Hypothek	1
Mangel	Heft	1
Mangel	Handhabung	1
Mangel	Größe	1
Mangel	Grad	1
Mangel	Gewährung	1
Mangel	Gespräch	1
Mangel	Gerät	1
Mangel	Genörgel	1
Mangel	Gefühl	1
Mangel	Gebiet	1
Mangel	Garantie	1
Mangel	Galerie	1
Mangel	Funktion	1
Mangel	Fritze	1
Mangel	Fragebogen	1
Mangel	Flop	1
Mangel	Fazit	1
Mangel	Falle	1
Mangel	Fahrrad	1
Mangel	Existenz	1
Mangel	Etikett	1
Mangel	Ermittlung	1
Mangel	Erklärung	1
Mangel	Erhebung	1
Mangel	Ergebnis	1
Mangel	Erfüllung	1
Mangel	Erforschung	1
Mangel	Entstehung	1
Mangel	Eintragung	1
Mangel	Einschätzung	1
Mangel	Eingabe	1
Mangel	Einforderung	1
Mangel	Durchschnitt	1
Mangel	Diskurs	1
Mangel	Differenz	1
Mangel	Dichte	1
Mangel	Depression	1
Mangel	Definition	1
Mangel	Debatte	1
Mangel	Datum	1
Mangel	Datei	1
Mangel	Dasein	1
Mangel	Coupon	1
Mangel	Code	1
Mangel	Chinese	1
Mangel	Charakter	1
Mangel	Bude	1
Mangel	Blick	1
Mangel	Blatt	1
Mangel	Bewältigung	1
Mangel	Bewusstsein	1
Mangel	Bewirtschaftung	1
Mangel	Beweis	1
Mangel	Betrachtung	1
Mangel	Bestätigung	1
Mangel	Bestand	1
Mangel	Beschilderung	1
Mangel	Beraterin	1
Mangel	Benennung	1
Mangel	Benachrichtigung	1
Mangel	Begleichung	1
Mangel	Befreiung	1
Mangel	Befragung	1
Mangel	Bebung	1
Mangel	Baustelle	1
Mangel	Barometer	1
Mangel	Ausstattung	1
Mangel	Ausschließung	1
Mangel	Auseinandersetzung	1
Mangel	Ausbesserung	1
Mangel	Aufzählung	1
Mangel	Aufzeigung	1
Mangel	Auftritt	1
Mangel	Auftrag	1
Mangel	Aufkommen	1
Mangel	Arm	1
Mangel	Argumentation	1
Mangel	Anämie	1
Mangel	Ansprache	1
Mangel	Anruf	1
Mangel	Annahme	1
Mangel	Anlage	1
Mangel	Anhäufung	1
Mangel	Angebot	1
Mangel	Anerkennung	1
Mangel	Adressat	1
Mangel	Abwehr	1
Mangel	Abverkauf	1
Mangel	Abklärung	1
Mangel	Abhilfe	1
Mangel	Abfrage	1
Mangel	Abbau	1
Magen	Tag	1
Magen	Säure	1
Lager	Tangente	1
Lager	Statt	1
Lager	Stadion	1
Lager	Raum	1
Lager	Pflanze	1
Lager	Masse	1
Lager	Mangel	1
Lager	Kraut	1
Lager	Kosten	1
Lager	Kapazität	1
Lager	Holz	1
Lager	Halde	1
Lager	Größe	1
Lager	Gehäuse	1
Lager	Flora	1
Lager	Feuer	1
Lager	Felsen	1
Lager	Alp	1
Laden	Öffner	1
Laden	Verwaltung	1
Laden	Umsatz	1
Laden	Tour	1
Laden	Tisch	1
Laden	Schlitz	1
Laden	Schließung	1
Laden	Reihe	1
Laden	Preis	1
Laden	Passage	1
Laden	Optimierung	1
Laden	Lager	1
Laden	Können	1
Laden	Kette	1
Laden	Hütte	1
Laden	Glanz	1
Laden	Geschäft	1
Laden	Fülle	1
Laden	Eröffnung	1
Laden	Erweiterung	1
Laden	Besichtigung	1
Laden	Auslage	1
Laden	Adresse	1
Kloster	Zahl	1
Kloster	Widmung	1
Kloster	Weiler	1
Kloster	Weihung	1
Kloster	Vorsteher	1
Kloster	Verfolgung	1
Kloster	Verbund	1
Kloster	Verband	1
Kloster	Urkunde	1
Kloster	Unterkunft	1
Kloster	Treffen	1
Kloster	Säkularisation	1
Kloster	Sturm	1
Kloster	Stiftung	1
Kloster	Sprache	1
Kloster	Schule	1
Kloster	Schließung	1
Kloster	Rivalität	1
Kloster	Region	1
Kloster	Reform	1
Kloster	Mobiliar	1
Kloster	Lebrauerei	1
Kloster	Kultur	1
Kloster	Kette	1
Kloster	Keller	1
Kloster	Karte	1
Kloster	Insel	1
Kloster	Herstellung	1
Kloster	Herrschaft	1
Kloster	Gemeinschaft	1
Kloster	Gemeinde	1
Kloster	Gebäude	1
Kloster	Gang	1
Kloster	Friedhof	1
Kloster	Forschung	1
Kloster	Festival	1
Kloster	Einziehung	1
Kloster	Dichte	1
Kloster	Dach	1
Kloster	Burg	1
Kloster	Buch	1
Kloster	Bräu	1
Kloster	Bibliothek	1
Kloster	Bewohner	1
Kloster	Besuch	1
Kloster	Bestand	1
Kloster	Aufhebung	1
Kloster	Annalen	1
Kindergarten	Zuschuss	1
Kindergarten	Werden	1
Kindergarten	Träger	1
Kindergarten	Technik	1
Kindergarten	Schließung	1
Kindergarten	Regelung	1
Kindergarten	Raum	1
Kindergarten	Protest	1
Kindergarten	Lärm	1
Kindergarten	Gebühr	1
Kindergarten	Gebäude	1
Kindergarten	Förderung	1
Kindergarten	Finanzierung	1
Kindergarten	Einbruch	1
Kindergarten	Bezirk	1
Kindergarten	Betreuung	1
Kindergarten	Besuch	1
Kindergarten	Beitrag	1
Kindergarten	Aufführung	1
Kindergarten	Arbeit	1
Kasten	Zeche	1
Kasten	Wald	1
Kasten	Wagen	1
Kasten	Tür	1
Kasten	Text	1
Kasten	Tal	1
Kasten	Säubern	1
Kasten	Straße	1
Kasten	Stapeln	1
Kasten	Reihe	1
Kasten	Regal	1
Kasten	Papier	1
Kasten	Nebel	1
Kasten	Lösung	1
Kasten	Liege	1
Kasten	Braun	1
Kasten	Bau	1
Kasten	Bach	1
Kasten	Aktion	1
Hammer	Truppe	1
Hammer	Stadt	1
Hammer	Song	1
Hammer	Show	1
Hammer	Reigen	1
Hammer	Prozess	1
Hammer	Moment	1
Hammer	Methode	1
Hammer	Mechanik	1
Hammer	Kurs	1
Hammer	Kunst	1
Hammer	Klang	1
Hammer	Gestampfe	1
Hammer	Gasse	1
Hammer	Filz	1
Hammer	Faktor	1
Hammer	Erlebnis	1
Hammer	Dorn	1
Hammer	Brett	1
Hammer	Befilzung	1
Hammer	Anschlag	1
Hafen	Zukunft	1
Hafen	Zeit	1
Hafen	Wirtschaft	1
Hafen	Weg	1
Hafen	Verwaltung	1
Hafen	Verbund	1
Hafen	Unternehmer	1
Hafen	Umsatz	1
Hafen	Tour	1
Hafen	Tag	1
Hafen	Stelle	1
Hafen	Sicherung	1
Hafen	Schmuck	1
Hafen	Redakteur	1
Hafen	Quartier	1
Hafen	Poet	1
Hafen	Plättchen	1
Hafen	Platz	1
Hafen	Plan	1
Hafen	Pfosten	1
Hafen	Netz	1
Hafen	Mauer	1
Hafen	Logistik	1
Hafen	Ladeverordnung	1
Hafen	Konzeption	1
Hafen	Kluft	1
Hafen	Kai	1
Hafen	Flicker	1
Hafen	Damm	1
Hafen	Berg	1
Hafen	Becken	1
Hafen	Ausschuss	1
Hafen	Ausbau	1
Guckkasten	Bühne	1
Großvater	Zentrum	1
Großvater	Täter	1
Großvater	Tracht	1
Großvater	Seite	1
Großvater	Recht	1
Großvater	Mund	1
Großvater	Manier	1
Großvater	Legion	1
Großvater	Kombi	1
Großvater	Geschichte	1
Großvater	Bild	1
Großvater	Auto	1
Großvater	Architektur	1
Großmutter	Zeit	1
Großmutter	Treffen	1
Großmutter	Treff	1
Großmutter	Manifest	1
Großmutter	Liste	1
Großmutter	Küche	1
Großmutter	Kunst	1
Großmutter	Kuchen	1
Großmutter	Kraft	1
Großmutter	Konferenz	1
Großmutter	Herz	1
Großmutter	Geschichte	1
Großmutter	Fresser	1
Großmutter	Forum	1
Großmutter	Fach	1
Großmutter	Dialog	1
Großmutter	Börse	1
Großmutter	Brigade	1
Großmutter	Bank	1
Großmutter	Bande	1
Granatapfel	Strauch	1
Granatapfel	Steckling	1
Granatapfel	Samen	1
Granatapfel	Produkt	1
Granatapfel	Korn	1
Granatapfel	Karton	1
Granatapfel	Hälfte	1
Granatapfel	Hain	1
Granatapfel	Beere	1
Graben	Überwinder	1
Graben	Zustand	1
Graben	Zeller	1
Graben	Wirrwarr	1
Graben	Ufer	1
Graben	Tor	1
Graben	Tal	1
Graben	Struktur	1
Graben	Stein	1
Graben	Spezialist	1
Graben	Schneider	1
Graben	Schlacht	1
Graben	Schaden	1
Graben	Rand	1
Graben	Rain	1
Graben	Putz	1
Graben	Perler	1
Graben	Nähe	1
Graben	Loch	1
Graben	Krieg	1
Graben	Hacke	1
Graben	Graben	1
Graben	Gewirr	1
Graben	Durchlass	1
Graben	Buddler	1
Graben	Berger	1
Graben	Berg	1
Graben	Bau	1
Graben	Aushebung	1
Gebärmutter	Vereiterung	1
Gebärmutter	Schleimhaut	1
Garten	Zins	1
Garten	Wettbewerb	1
Garten	Vogel	1
Garten	Vielfalt	1
Garten	Verwatung	1
Garten	Verbund	1
Garten	Tour	1
Garten	Teich	1
Garten	Städter	1
Garten	Stadt	1
Garten	Schlauch	1
Garten	Rate	1
Garten	Phobie	1
Garten	Nähe	1
Garten	Nutzen	1
Garten	Meister	1
Garten	Land	1
Garten	Kranz	1
Garten	Konzept	1
Garten	Komplex	1
Garten	Idee	1
Garten	Häcksler	1
Garten	Haus	1
Garten	Gelände	1
Garten	Gelege	1
Garten	Gasse	1
Garten	Fächer	1
Garten	Fest	1
Garten	Einbruch	1
Garten	Dreieck	1
Garten	Bummel	1
Garten	Bewässerung	1
Garten	Bewohner	1
Garten	Bereich	1
Garten	Bahn	1
Garten	Bad	1
Garten	Anlage	1
Garten	Allmend	1
Fußboden	System	1
Fußboden	Renovierung	1
Fußboden	Oberfläche	1
Fußboden	Isolierung	1
Fußboden	Hersteller	1
Fragebogen	Typ	1
Fragebogen	Test	1
Fragebogen	Paar	1
Fragebogen	Instrument	1
Fragebogen	Forum	1
Fragebogen	Formular	1
Fragebogen	Ergebnis	1
Fragebogen	Design	1
Fragebogen	Berg	1
Flughafen	Shop	1
Flughafen	Personal	1
Flughafen	Neubau	1
Flughafen	Konzession	1
Flughafen	Kapazität	1
Flughafen	Geschäft	1
Flughafen	Bahnhof	1
Flughafen	Ausbau	1
Faden	Zug	1
Faden	Zierin	1
Faden	Zieherei	1
Faden	Zeug	1
Faden	Zahl	1
Faden	Type	1
Faden	Teil	1
Faden	Spitz	1
Faden	Spinnerin	1
Faden	Spinnerei	1
Faden	Schwarm	1
Faden	Riss	1
Faden	Rest	1
Faden	Rang	1
Faden	Problem	1
Faden	Paar	1
Faden	Niederschlag	1
Faden	Netz	1
Faden	Kugel	1
Faden	Kreis	1
Faden	Kopf	1
Faden	Knüpferin	1
Faden	Klon	1
Faden	Installation	1
Faden	Halter	1
Faden	Grapscher	1
Faden	Grabscher	1
Faden	Gezupfe	1
Faden	Gewirr	1
Faden	Gespinst	1
Faden	Fun	1
Faden	Flüssigkeit	1
Faden	Farm	1
Faden	Farbe	1
Faden	Ex	1
Faden	Einfall	1
Faden	Dichte	1
Faden	Aufwickler	1
Faden	Arm	1
Faden	Anfang	1
Faden	Abstand	1
Draller	Nase	1
Bruder	Zwilling	1
Bruder	Zweikampf	1
Bruder	Zusammenkunft	1
Bruder	Zimmer	1
Bruder	Zersplitterung	1
Bruder	Zeit	1
Bruder	Zeche	1
Bruder	Zahl	1
Bruder	Woche	1
Bruder	Wettkampf	1
Bruder	Welt	1
Bruder	Ware	1
Bruder	Wanderung	1
Bruder	Vorteil	1
Bruder	Vorstadt	1
Bruder	Versuch	1
Bruder	Verständnis	1
Bruder	Verrat	1
Bruder	Verleumdung	1
Bruder	Verhältnis	1
Bruder	Vergangenheit	1
Bruder	Verehrung	1
Bruder	Verbindung	1
Bruder	Unterricht	1
Bruder	Treue	1
Bruder	Trakt	1
Bruder	Tour	1
Bruder	Tisch	1
Bruder	Theorie	1
Bruder	Thematik	1
Bruder	Terzett	1
Bruder	Tausch	1
Bruder	Tat	1
Bruder	Tanz	1
Bruder	Szene	1
Bruder	Stübchen	1
Bruder	Story	1
Bruder	Stoff	1
Bruder	Stiftung	1
Bruder	Stab	1
Bruder	Situation	1
Bruder	Sinn	1
Bruder	Sekt	1
Bruder	Sandwich	1
Bruder	Sage	1
Bruder	Runde	1
Bruder	Revision	1
Bruder	Republik	1
Bruder	Rektor	1
Bruder	Reise	1
Bruder	Reihe	1
Bruder	Quiz	1
Bruder	Programm	1
Bruder	Pionier	1
Bruder	Phänomen	1
Bruder	Pair	1
Bruder	Paarung	1
Bruder	Ohr	1
Bruder	Nation	1
Bruder	Nachwuchs	1
Bruder	Mörderin	1
Bruder	Messe	1
Bruder	Mentalität	1
Bruder	Meister	1
Bruder	Mangel	1
Bruder	Mal	1
Bruder	Linie	1
Bruder	Leidenschaft	1
Bruder	Lade	1
Bruder	Küken	1
Bruder	Kumpel	1
Bruder	Kuchen	1
Bruder	Kreuz	1
Bruder	Kranich	1
Bruder	Kopf	1
Bruder	Kontext	1
Bruder	Konsole	1
Bruder	Kombi	1
Bruder	Kollege	1
Bruder	Klasse	1
Bruder	Klan	1
Bruder	Kind	1
Bruder	Kater	1
Bruder	Jargon	1
Bruder	Inspektor	1
Bruder	Insel	1
Bruder	Identität	1
Bruder	Idee	1
Bruder	Ich	1
Bruder	Hut	1
Bruder	Helfer	1
Bruder	Heft	1
Bruder	Hass	1
Bruder	Handwerker	1
Bruder	Hahn	1
Bruder	Gruß	1
Bruder	Gruft	1
Bruder	Grotte	1
Bruder	Gremium	1
Bruder	Glück	1
Bruder	Glaube	1
Bruder	Gezücht	1
Bruder	Gespräch	1
Bruder	Gesellschaft	1
Bruder	Geplänkel	1
Bruder	Generation	1
Bruder	Gelalle	1
Bruder	Gasthof	1
Bruder	Garten	1
Bruder	Gang	1
Bruder	Fähigkeit	1
Bruder	Front	1
Bruder	Freundschaft	1
Bruder	Freund	1
Bruder	Fluss	1
Bruder	Flur	1
Bruder	Film	1
Bruder	Feind	1
Bruder	Faust	1
Bruder	Familie	1
Bruder	Etablissement	1
Bruder	Erle	1
Bruder	Einrichtung	1
Bruder	Einigkeit	1
Bruder	Eiche	1
Bruder	Effekt	1
Bruder	Ebene	1
Bruder	Dynamik	1
Bruder	Diener	1
Bruder	Darstellung	1
Bruder	Club	1
Bruder	Clone	1
Bruder	Chronist	1
Bruder	Büchse	1
Bruder	Brei	1
Bruder	Blog	1
Bruder	Bild	1
Bruder	Bibliothek	1
Bruder	Bereich	1
Bruder	Begegnung	1
Bruder	Bach	1
Bruder	Autorität	1
Bruder	Auslegung	1
Bruder	Aus	1
Bruder	Aufstand	1
Bruder	Aspirant	1
Bruder	Art	1
Bruder	Angriff	1
Bruder	Almanach	1
Bruder	Aktion	1
Bruder	Akt	1
Briefkasten	Verkauf	1
Briefkasten	Netz	1
Briefkasten	Liste	1
Briefkasten	Klappe	1
Briefkasten	Hersteller	1
Briefkasten	Adresse	1
Briefkasten	Abbau	1
Bogen	Öffnung	1
Bogen	Wind	1
Bogen	Wechsel	1
Bogen	Wasser	1
Bogen	Tor	1
Bogen	System	1
Bogen	Sturz	1
Bogen	Rückseite	1
Bogen	Muster	1
Bogen	Lernerei	1
Bogen	Jäger	1
Bogen	Holz	1
Bogen	Gebiet	1
Bogen	Fuß	1
Bogen	Frosch	1
Bogen	Fresko	1
Bogen	Erfassung	1
Bogen	Baum	1
Bogen	Aufgang	1
Bogen	Art	1
Bogen	Ansatz	1
Bogen	Abgleich	1
Boden	Öffnung	1
Boden	Zimmer	1
Boden	Wölbung	1
Boden	Wärme	1
Boden	Vorlage	1
Boden	Tiefe	1
Boden	Teppich	1
Boden	Stärke	1
Boden	Schaden	1
Boden	Reinigung	1
Boden	Produktion	1
Boden	Loch	1
Boden	Körper	1
Boden	Karte	1
Boden	Höhe	1
Boden	Grat	1
Boden	Funktion	1
Boden	Fertigung	1
Boden	Feld	1
Boden	Düse	1
Boden	Dämmung	1
Boden	Brüter	1
Boden	Brett	1
Boden	Beleg	1
Boden	Bearbeitung	1
Boden	Bauer	1
Boden	Art	1
Boden	Alpe	1
Bindfaden	Quadrat	1
Bindfaden	Gerade	1
Baller	Verteiler	1
Apfel	Zweig	1
Apfel	Zahl	1
Apfel	Würfelchen	1
Apfel	Wunder	1
Apfel	Vielfalt	1
Apfel	Verteilung	1
Apfel	Verkauf	1
Apfel	Vergleich	1
Apfel	Variable	1
Apfel	Typ	1
Apfel	Trick	1
Apfel	Ton	1
Apfel	Tausch	1
Apfel	Sämling	1
Apfel	Suche	1
Apfel	Studie	1
Apfel	Stelle	1
Apfel	Stechen	1
Apfel	Stapler	1
Apfel	Stake	1
Apfel	Spiel	1
Apfel	Speise	1
Apfel	Spalter	1
Apfel	Schwemme	1
Apfel	Scholler	1
Apfel	Schnüffeln	1
Apfel	Schnittchen	1
Apfel	Schneiderin	1
Apfel	Scheiße	1
Apfel	Scheibchen	1
Apfel	Sau	1
Apfel	Sammler	1
Apfel	Salat	1
Apfel	Rute	1
Apfel	Ringen	1
Apfel	Rezept	1
Apfel	Reserve	1
Apfel	Reich	1
Apfel	Regen	1
Apfel	Raspel	1
Apfel	Probe	1
Apfel	Plättchen	1
Apfel	Pflückerin	1
Apfel	Pektin	1
Apfel	Parade	1
Apfel	Naschen	1
Apfel	Nachschub	1
Apfel	Mäuschen	1
Apfel	Mus	1
Apfel	Markt	1
Apfel	Mark	1
Apfel	Mantel	1
Apfel	Manie	1
Apfel	Mangel	1
Apfel	Lieferant	1
Apfel	Leute	1
Apfel	Lehrgang	1
Apfel	Lagerung	1
Apfel	Kultur	1
Apfel	Kopf	1
Apfel	Konsum	1
Apfel	Kocherei	1
Apfel	Klatschen	1
Apfel	Kelter	1
Apfel	Kasten	1
Apfel	Karton	1
Apfel	Kahn	1
Apfel	Kacker	1
Apfel	Horde	1
Apfel	Handel	1
Apfel	Größe	1
Apfel	Gräfin	1
Apfel	Füttern	1
Apfel	Fütterer	1
Apfel	Füllung	1
Apfel	Fresser	1
Apfel	Frau	1
Apfel	Foto	1
Apfel	Event	1
Apfel	Essig	1
Apfel	Elite	1
Apfel	Einsammeln	1
Apfel	Einheit	1
Apfel	Duft	1
Apfel	Bällchen	1
Apfel	Brei	1
Apfel	Braten	1
Apfel	Brand	1
Apfel	Bombardement	1
Apfel	Beutel	1
Apfel	Bestand	1
Apfel	Beispiel	1
Apfel	Ausstellung	1
Apfel	Arbeit	1
Apfel	Annahme	1
Apfel	Angel	1
Apfel	Angebot	1
Apfel	Anbauer	1
Apfel	Allergie	1
Apfel	Allee	1
Apfel	Abwieger	1
Apfel	Abstinenz	1
Apfel	Absammeln	1
Apfel	Abgabe	1
Acker	Struktur	1
Acker	Stilllegung	1
Acker	Senf	1
Acker	Nahrung	1
Acker	Land	1
Acker	Kutscher	1
Acker	Furche	1
Acker	Bürger	1
Acker	Bestellung	1
Acker	Aufsplitterung	1
Abwasser	Über	1
Abwasser	Zusammenfassung	1
Abwasser	Zuleitung	1
Abwasser	Verschmutzung	1
Abwasser	Untersuchung	1
Abwasser	Teich	1
Abwasser	Siel	1
Abwasser	See	1
Abwasser	Schlick	1
Abwasser	Schlamm	1
Abwasser	Problem	1
Abwasser	Probe	1
Abwasser	Netz	1
Abwasser	Management	1
Abwasser	Lauge	1
Abwasser	Last	1
Abwasser	Inspektor	1
Abwasser	Infrastruktur	1
Abwasser	Infiltrierung	1
Abwasser	Gestank	1
Abwasser	Gebühr	1
Abwasser	Färbung	1
Abwasser	Frage	1
Abwasser	Fracht	1
Abwasser	Forschung	1
Abwasser	Flut	1
Abwasser	Eintrag	1
Abwasser	Bestandteil	1
Abwasser	Bereinigung	1
Abwasser	Bereich	1
Abwasser	Behörde	1
Abwasser	Behälter	1
Abwasser	Becken	1
Abwasser	Abfuhr	1
Abwasser	Abfluss	1
