Schmerz	Geld	22119
Herz	Lust	16618
Herz	Angelegenheit	7840
Herz	Wunsch	7209
Herz	Sache	2406
Herz	Anliegen	2393
Schmerz	Schrei	2376
Herz	Brecher	2098
Herz	Wärme	2042
Herz	Bildung	1296
Herz	Dame	1287
Herz	Güte	1040
Schmerz	Mann	751
Herz	Grund	714
Herz	Gebet	646
Herz	Liebe	433
Herz	Projekt	422
Herz	Energie	410
Herz	Tür	405
Schmerz	Mutter	372
Herz	Kraft	362
Herz	Freude	346
Herz	Mann	327
Herz	Bedürfnis	324
Herz	Haltung	269
Schmerz	Geldbetrag	260
Schmerz	Laut	253
Herz	Thema	226
Herz	Einstellung	223
Herz	Ding	203
Herz	Kälte	197
Herz	Hund	188
Schmerz	Laute	185
Herz	Raum	184
Herz	Angst	179
Schmerz	Kind	172
Herz	Entscheidung	170
Schmerz	Grenze	160
Herz	Blut	159
Herz	Friede	158
Herz	Freund	158
Herz	Härte	157
Herz	Ebene	155
Herz	Ergießung	154
Herz	Kind	145
Herz	Verbindung	144
Herz	Not	142
Herz	Zustand	136
Herz	Qualität	132
Herz	Mensch	122
Herz	Blüte	121
Herz	Dieb	120
Herz	Reinheit	118
Herz	Brecherin	118
Herz	Impuls	115
Herz	Heiligtum	112
Herz	Weg	110
Herz	Pein	105
Herz	Gruß	103
Herz	Verein	99
Herz	Laune	98
Herz	Arbeit	98
Herz	Krieger	96
Herz	Sprache	93
Herz	Partner	93
Herz	Frage	93
Herz	Lied	91
Herz	Weisheit	88
Herz	Beziehung	88
Herz	Ruhe	86
Herz	Licht	84
Herz	Härtigkeit	83
Herz	Wunde	80
Herz	Feuer	79
Herz	Kämmerlein	75
Herz	Frömmigkeit	74
Herz	Leid	73
Schmerz	Ruf	72
Schmerz	Lager	72
Herz	Gefühl	72
Herz	Neigung	69
Herz	Freundin	69
Herz	Öffnung	67
Herz	Bindung	66
Herz	Song	62
Herz	Kammer	62
Herz	Regung	61
Herz	Befreiung	61
Herz	Erguss	60
Herz	Strahl	59
Herz	Botschaft	57
Herz	Bereich	57
Herz	Trübung	54
Herz	Ton	54
Herz	Mitte	54
Herz	Gewissheit	54
Herz	Gedanke	53
Schmerz	Weg	50
Herz	Tiefe	50
Herz	Schrei	50
Herz	Königin	50
Herz	Stellung	48
Herz	Club	45
Herz	Glaube	44
Schmerz	Träne	43
Herz	Stimme	43
Herz	Demut	43
Herz	Schlag	42
Herz	Wort	41
Herz	Glück	41
Herz	Einfalt	41
Herz	Schwester	40
Herz	Entschluss	40
Herz	Bund	40
Herz	Blume	40
Herz	Kummer	39
Herz	Gemeinschaft	39
Herz	Drang	39
Herz	Takt	38
Herz	Gast	38
Herz	Bruder	38
Herz	Sehnsucht	36
Herz	Schmerz	36
Herz	Gesinnung	36
Herz	Boden	36
Herz	Schatz	35
Herz	Klub	35
Herz	Auge	35
Herz	Absicht	35
Schmerz	Freitag	34
Herz	Übung	34
Herz	Katze	34
Herz	Geschenk	34
Herz	Weite	33
Herz	Traum	33
Herz	Trägheit	32
Herz	Qual	32
Herz	Band	32
Herz	Türchen	31
Herz	Ohr	31
Herz	Bewegung	31
Herz	Wissen	30
Herz	Verhärtung	30
Herz	Überzeugung	29
Herz	Schau	29
Schmerz	Frau	28
Herz	Sonne	28
Herz	Junge	28
Herz	Freundschaft	28
Herz	Flamme	28
Schmerz	Äußerung	27
Herz	Tod	27
Herz	Pferd	27
Herz	Heimat	27
Herz	Acker	27
Schmerz	Welle	26
Herz	Geheimnis	26
Herz	Aufgabe	26
Herz	Garten	25
Herz	Putzer	24
Herz	Macht	24
Herz	Kündiger	24
Herz	Kenntnis	24
Herz	Größe	24
Herz	Gabe	24
Herz	Frau	24
Schmerz	Askese	23
Herz	Glut	23
Herz	Erkenntnis	23
Herz	Einheit	23
Herz	Bild	23
Schmerz	Peitsche	22
Schmerz	Feuer	22
Herz	Wahrheit	22
Herz	Sohn	22
Herz	Schwingung	22
Herz	Nähe	22
Herz	Meinung	22
Herz	Meditation	22
Herz	Erlebnis	22
Herz	Bruch	22
Herz	Änderung	22
Herz	Wandlung	21
Herz	Geschichte	21
Herz	Erfahrung	21
Herz	Dank	21
Herz	Bekenntnis	21
Herz	Buch	20
Herz	Bitte	20
Herz	Begegnung	20
Herz	Ziel	19
Herz	Zahl	19
Herz	Treue	19
Herz	Prinz	19
Herz	Werk	18
Herz	Weh	18
Herz	Tempel	18
Herz	Rose	18
Herz	Mut	18
Herz	Land	18
Herz	Kenner	18
Herz	Brief	18
Schmerz	Bild	17
Herz	Wärmer	17
Herz	Verhältnis	17
Herz	Trieb	17
Herz	Tor	17
Herz	Platz	17
Herz	Öffner	17
Herz	Kultur	17
Herz	Fülle	17
Herz	Erneuerung	17
Schmerz	Geheul	16
Herz	Winkel	16
Herz	Wandel	16
Herz	Träne	16
Herz	Schlüssel	16
Herz	Räuber	16
Herz	Mutter	16
Herz	Musik	16
Herz	Kern	16
Herz	Blick	16
Herz	Bereitschaft	16
Herz	Baum	16
Herz	Art	16
Herz	Verlangen	15
Herz	Trost	15
Herz	Stimmung	15
Herz	Pflicht	15
Herz	Monarchist	15
Herz	Kontakt	15
Herz	Einigung	15
Herz	Dialog	15
Herz	Wahl	14
Herz	Verbundenheit	14
Herz	Schrein	14
Herz	Leben	14
Herz	Gespräch	14
Herz	Entschließung	14
Herz	Empfindung	14
Herz	Eigenschaft	14
Herz	Beichte	14
Herz	Austausch	14
Schmerz	Ton	13
Schmerz	Tag	13
Schmerz	Spur	13
Schmerz	Geschrei	13
Herz	Zeit	13
Herz	Wonne	13
Herz	Verstand	13
Herz	Schwäche	13
Herz	Problem	13
Herz	Höhe	13
Herz	Falte	13
Herz	Engel	13
Herz	Beitrag	13
Herz	Verfassung	12
Herz	Stück	12
Herz	Stärke	12
Herz	Reise	12
Herz	Prüfung	12
Herz	Poesie	12
Herz	Läuterung	12
Herz	Last	12
Herz	König	12
Herz	Klang	12
Herz	Kapelle	12
Herz	Kandidat	12
Herz	Intelligenz	12
Herz	Inner	12
Herz	Hingabe	12
Herz	Bube	12
Herz	Bub	12
Schmerz	Zeit	11
Schmerz	Seufzer	11
Herz	Zentrum	11
Herz	Verkehr	11
Herz	Tausch	11
Herz	Seite	11
Herz	Religion	11
Herz	Quelle	11
Herz	Nahrung	11
Herz	Melodie	11
Herz	Lächeln	11
Herz	Kommunikation	11
Herz	Idee	11
Herz	Diebin	11
Schmerz	Sohn	10
Schmerz	Madonna	10
Schmerz	Ausdruck	10
Herz	Wille	10
Herz	Vater	10
Herz	Spur	10
Herz	Seele	10
Herz	Reinigung	10
Herz	Pforte	10
Herz	Österreicher	10
Herz	Leere	10
Herz	Konflikt	10
Herz	Haus	10
Herz	Brücke	10
Herz	Berührung	10
Herz	Bär	10
Herz	Aktivität	10
Herz	Adel	10
Schmerz	Nacht	9
Schmerz	Klang	9
Schmerz	Klage	9
Schmerz	Gebrüll	9
Herz	Weise	9
Herz	Verständnis	9
Herz	Vereinigung	9
Herz	Tipper	9
Herz	Schulung	9
Herz	Rat	9
Herz	Person	9
Herz	Lauterkeit	9
Herz	Klugheit	9
Herz	Höflichkeit	9
Herz	Geist	9
Herz	Feld	9
Herz	Fäule	9
Herz	Erlösung	9
Herz	Bewusstsein	9
Herz	Anteil	9
Schmerz	Stich	8
Schmerz	Qual	8
Schmerz	Mensch	8
Schmerz	Krampf	8
Schmerz	Bett	8
Schmerz	Ausbruch	8
Herz	Zerknirschung	8
Herz	Welt	8
Herz	Vetter	8
Herz	Stoß	8
Herz	Stärkung	8
Herz	Schrift	8
Herz	Richtung	8
Herz	Ort	8
Herz	Name	8
Herz	Liebling	8
Herz	Lache	8
Herz	Kampf	8
Herz	Interesse	8
Herz	Inhalt	8
Herz	Heiterkeit	8
Herz	Gehorsam	8
Herz	Gatte	8
Herz	Favorit	8
Herz	Erhebung	8
Herz	Eigentum	8
Herz	Beschneidung	8
Schmerz	Reich	7
Schmerz	Lied	7
Herz	Vision	7
Herz	Verwirrung	7
Herz	Verschmelzung	7
Herz	Veränderung	7
Herz	Umkehr	7
Herz	Tief	7
Herz	Stube	7
Herz	Strang	7
Herz	Stadt	7
Herz	Ruf	7
Herz	Reue	7
Herz	Platte	7
Herz	Luft	7
Herz	Logik	7
Herz	Linie	7
Herz	Kelch	7
Herz	Info	7
Herz	Gram	7
Herz	Gold	7
Herz	Gesang	7
Herz	Gelüst	7
Herz	Frequenz	7
Herz	Erleichterung	7
Herz	Bündnis	7
Herz	Breche	7
Herz	Botschafter	7
Herz	Blindheit	7
Herz	Bekehrung	7
Herz	Antwort	7
Schmerz	Wort	6
Schmerz	Tod	6
Schmerz	Lust	6
Schmerz	Gewalt	6
Schmerz	Geist	6
Schmerz	Gefühl	6
Schmerz	Drang	6
Schmerz	Berg	6
Herz	Zug	6
Herz	Zauber	6
Herz	Wesen	6
Herz	Unruhe	6
Herz	Umarmung	6
Herz	Thron	6
Herz	Text	6
Herz	Tafel	6
Herz	Stecher	6
Herz	Sprung	6
Herz	Seufzer	6
Herz	Saite	6
Herz	Reich	6
Herz	Raub	6
Herz	Pfad	6
Herz	Opfer	6
Herz	Museum	6
Herz	Liebchen	6
Herz	Leidenschaft	6
Herz	Landschaft	6
Herz	Kreis	6
Herz	Gut	6
Herz	Gegend	6
Herz	Funke	6
Herz	Führung	6
Herz	Freundinnen	6
Herz	Film	6
Herz	Familie	6
Herz	Erforschung	6
Herz	Dienst	6
Herz	Brand	6
Herz	Beschaffenheit	6
Herz	Ausstrahlung	6
Herz	Ausrichtung	6
Herz	Ausdruck	6
Herz	Aufrichtigkeit	6
Herz	Abenteuer	6
Schmerz	Zug	5
Schmerz	Welt	5
Schmerz	Schauer	5
Schmerz	Lohn	5
Schmerz	Last	5
Schmerz	Kerze	5
Schmerz	Gestalt	5
Schmerz	Gang	5
Schmerz	Feld	5
Schmerz	Buch	5
Herz	Zartheit	5
Herz	Wohl	5
Herz	Wallung	5
Herz	Vogel	5
Herz	Verpflichtung	5
Herz	Vernunft	5
Herz	Unschuld	5
Herz	Tröster	5
Herz	Träger	5
Herz	Tätigkeit	5
Herz	Tat	5
Herz	Sturm	5
Herz	Strom	5
Herz	Sensor	5
Herz	Sehne	5
Herz	Schüler	5
Herz	Schule	5
Herz	Rock	5
Herz	Pol	5
Herz	Natur	5
Herz	Mystik	5
Herz	Mädchen	5
Herz	Lehre	5
Herz	Kuss	5
Herz	Kost	5
Herz	Knie	5
Herz	Klage	5
Herz	Kauf	5
Herz	Kanal	5
Herz	Job	5
Herz	Jammer	5
Herz	Information	5
Herz	Hütte	5
Herz	Hündin	5
Herz	Geschwister	5
Herz	Frust	5
Herz	Freudigkeit	5
Herz	Freiheit	5
Herz	Fenster	5
Herz	Erwiderung	5
Herz	Entscheid	5
Herz	Einsatz	5
Herz	Durst	5
Herz	Durchschauung	5
Herz	Drama	5
Herz	Bote	5
Herz	Beruf	5
Herz	Bangigkeit	5
Herz	Ausguß	5
Herz	Armut	5
Herz	Andacht	5
Schmerz	Zustand	4
Schmerz	Woge	4
Schmerz	Stunde	4
Schmerz	Stoß	4
Schmerz	Meer	4
Schmerz	Kapelle	4
Schmerz	Grund	4
Schmerz	Gestöhn	4
Schmerz	Dienerin	4
Schmerz	Darstellung	4
Schmerz	Blick	4
Schmerz	Bekundung	4
Schmerz	Ausruf	4
Schmerz	Aufschrei	4
Schmerz	Antlitz	4
Schmerz	Angelegenheit	4
Herz	Wurm	4
Herz	Wert	4
Herz	Weib	4
Herz	Wand	4
Herz	Wahrnehmung	4
Herz	Verwandtschaft	4
Herz	Vertrauen	4
Herz	Unterweisung	4
Herz	Trauer	4
Herz	Tochter	4
Herz	Technik	4
Herz	Stolz	4
Herz	Stille	4
Herz	Stern	4
Herz	Stelle	4
Herz	Spiel	4
Herz	Spiegel	4
Herz	Sorge	4
Herz	Sinn	4
Herz	Schwere	4
Herz	Schweinchen	4
Herz	Roman	4
Herz	Ritter	4
Herz	Region	4
Herz	Regen	4
Herz	Offenbarung	4
Herz	Motivation	4
Herz	Motiv	4
Herz	Moment	4
Herz	Mauer	4
Herz	Mädel	4
Herz	Lustler	4
Herz	Laut	4
Herz	Kunde	4
Herz	Kühle	4
Herz	Kristall	4
Herz	Krampf	4
Herz	Komponist	4
Herz	Kirche	4
Herz	Jubel	4
Herz	Innigkeit	4
Herz	Hunger	4
Herz	Hand	4
Herz	Genuss	4
Herz	Frühling	4
Herz	Fröhlichkeit	4
Herz	Frische	4
Herz	Form	4
Herz	Finsternis	4
Herz	Fackel	4
Herz	Eröffnung	4
Herz	Eroberung	4
Herz	Erinnerung	4
Herz	Erfüllung	4
Herz	Einsicht	4
Herz	Chakra	4
Herz	Buße	4
Herz	Burg	4
Herz	Beteiligung	4
Herz	Besinger	4
Herz	Berufung	4
Herz	Bericht	4
Herz	Bengel	4
Herz	Altar	4
Schmerz	Zauber	3
Schmerz	Wunsch	3
Schmerz	Wunde	3
Schmerz	Wiege	3
Schmerz	Traum	3
Schmerz	Theologie	3
Schmerz	Tanz	3
Schmerz	Sturm	3
Schmerz	Strophe	3
Schmerz	Stöhner	3
Schmerz	Raum	3
Schmerz	Quelle	3
Schmerz	Porträt	3
Schmerz	Ort	3
Schmerz	Nachricht	3
Schmerz	Musik	3
Schmerz	Land	3
Schmerz	Jahr	3
Schmerz	Haus	3
Schmerz	Grad	3
Schmerz	Glück	3
Schmerz	Gesicht	3
Schmerz	Geschichte	3
Schmerz	Gesang	3
Schmerz	Flut	3
Schmerz	Figur	3
Schmerz	Falte	3
Schmerz	Fähigkeit	3
Schmerz	Druck	3
Schmerz	Drama	3
Schmerz	Ding	3
Schmerz	Arie	3
Schmerz	Altar	3
Herz	Zwiesprache	3
Herz	Zufriedenheit	3
Herz	Wohnung	3
Herz	Weide	3
Herz	Wäsche	3
Herz	Wägung	3
Herz	Verstockung	3
Herz	Vergnügen	3
Herz	Umsturz	3
Herz	Tugend	3
Herz	Torheit	3
Herz	Terrorist	3
Herz	Teilnahme	3
Herz	Täubchen	3
Herz	Strahlung	3
Herz	Stein	3
Herz	Stand	3
Herz	Sozialist	3
Herz	Sicht	3
Herz	Segen	3
Herz	Schwein	3
Herz	Schlechtigkeit	3
Herz	Sänger	3
Herz	Sammlung	3
Herz	Samen	3
Herz	Resonanz	3
Herz	Republikaner	3
Herz	Reinigkeit	3
Herz	Rede	3
Herz	Rausch	3
Herz	Rauch	3
Herz	Puppe	3
Herz	Prägung	3
Herz	Power	3
Herz	Pony	3
Herz	Plan	3
Herz	Plage	3
Herz	Pfand	3
Herz	Partnerin	3
Herz	Partei	3
Herz	Ökumene	3
Herz	Offenheit	3
Herz	Nacht	3
Herz	Muskel	3
Herz	Mühle	3
Herz	Milde	3
Herz	Membrane	3
Herz	Meister	3
Herz	Maus	3
Herz	Matte	3
Herz	Mannschaft	3
Herz	Lotos	3
Herz	Liebschaft	3
Herz	Leiden	3
Herz	Lehrer	3
Herz	Künder	3
Herz	Kumpel	3
Herz	Krise	3
Herz	Krankheit	3
Herz	Kommunist	3
Herz	Kollektion	3
Herz	Katastrophe	3
Herz	Karte	3
Herz	Jäger	3
Herz	Insel	3
Herz	Humor	3
Herz	Höhle	3
Herz	Hoffnung	3
Herz	Herz	3
Herz	Heiligkeit	3
Herz	Gunst	3
Herz	Guete	3
Herz	Geste	3
Herz	Gerade	3
Herz	Gedicht	3
Herz	Fürst	3
Herz	Freundlichkeit	3
Herz	Flur	3
Herz	Fete	3
Herz	Festigkeit	3
Herz	Fessler	3
Herz	Faser	3
Herz	Fang	3
Herz	Fan	3
Herz	Faden	3
Herz	Erziehung	3
Herz	Erforscher	3
Herz	Entwicklung	3
Herz	Enttäuschung	3
Herz	Engagement	3
Herz	Empfehlung	3
Herz	Ehrlichkeit	3
Herz	Ecke	3
Herz	Denker	3
Herz	Demokrat	3
Herz	Cousinchen	3
Herz	Bus	3
Herz	Bräutigam	3
Herz	Blümlein	3
Herz	Blogger	3
Herz	Bedrängnis	3
Herz	Becher	3
Herz	Basis	3
Herz	Aspekt	3
Herz	Anlage	3
Herz	Affäre	3
Herz	Abgrund	3
Herz	Abend	3
Begruess	Wert	3
Schmerz	Zuckung	2
Schmerz	Wolke	2
Schmerz	Wert	2
Schmerz	Werk	2
Schmerz	Weh	2
Schmerz	Wald	2
Schmerz	Wacht	2
Schmerz	Tiefe	2
Schmerz	Tal	2
Schmerz	Szene	2
Schmerz	Szenario	2
Schmerz	Straße	2
Schmerz	Stelle	2
Schmerz	Station	2
Schmerz	Stand	2
Schmerz	Stadt	2
Schmerz	Stachel	2
Schmerz	Skala	2
Schmerz	Situation	2
Schmerz	Säule	2
Schmerz	Reaktion	2
Schmerz	Punkt	2
Schmerz	Pflaster	2
Schmerz	Pfeil	2
Schmerz	Pein	2
Schmerz	Mutterschaft	2
Schmerz	Muter	2
Schmerz	Meisterin	2
Schmerz	Linie	2
Schmerz	Leid	2
Schmerz	Lauf	2
Schmerz	Landschaft	2
Schmerz	Lage	2
Schmerz	Kreuz	2
Schmerz	Korn	2
Schmerz	Kelch	2
Schmerz	Keim	2
Schmerz	Kampf	2
Schmerz	Jungfrau	2
Schmerz	Glut	2
Schmerz	Gestik	2
Schmerz	Geräusch	2
Schmerz	Gedicht	2
Schmerz	Fest	2
Schmerz	Explosion	2
Schmerz	Existenz	2
Schmerz	Erinnerung	2
Schmerz	Bruder	2
Schmerz	Bettlein	2
Schmerz	Becher	2
Schmerz	Anfall	2
Herz	Zweifel	2
Herz	Zusammenkunft	2
Herz	Zuneigung	2
Herz	Zugehörigkeit	2
Herz	Zelle	2
Herz	Wuensch	2
Herz	Woge	2
Herz	Wirren	2
Herz	Wendung	2
Herz	Weltmeister	2
Herz	Welle	2
Herz	Weibchen	2
Herz	Wehr	2
Herz	Wehe	2
Herz	Wächter	2
Herz	Vorwurf	2
Herz	Verweigerung	2
Herz	Verwandlung	2
Herz	Verstimmung	2
Herz	Vernünftigkeit	2
Herz	Vergebung	2
Herz	Unruh	2
Herz	Überschwang	2
Herz	Türmer	2
Herz	Tropfen	2
Herz	Traurigkeit	2
Herz	Töchterlein	2
Herz	Töchterchen	2
Herz	Titel	2
Herz	Theologie	2
Herz	Team	2
Herz	Tanz	2
Herz	Sympathie	2
Herz	Sünde	2
Herz	Sumpf	2
Herz	Stürmer	2
Herz	Stunde	2
Herz	Stich	2
Herz	Sprengung	2
Herz	Spieler	2
Herz	Sparsamkeit	2
Herz	Sozi	2
Herz	Sklerose	2
Herz	Sieger	2
Herz	Sendung	2
Herz	Seligkeit	2
Herz	Schwur	2
Herz	Schritt	2
Herz	Schreiber	2
Herz	Schneider	2
Herz	Schmuck	2
Herz	Schmeichler	2
Herz	Schmaus	2
Herz	Schloss	2
Herz	Schleicher	2
Herz	Schläue	2
Herz	Sängerin	2
Herz	Sachse	2
Herz	Saal	2
Herz	Rute	2
Herz	Rührung	2
Herz	Röte	2
Herz	Rohheit	2
Herz	Rind	2
Herz	Retterin	2
Herz	Reife	2
Herz	Räuberin	2
Herz	Quell	2
Herz	Punkt	2
Herz	Prinzip	2
Herz	Prinzessin	2
Herz	Preis	2
Herz	Predigt	2
Herz	Präsident	2
Herz	Potential	2
Herz	Philosophie	2
Herz	Palme	2
Herz	Ofen	2
Herz	Niedrigkeit	2
Herz	Nichte	2
Herz	Nest	2
Herz	Narbe	2
Herz	Münze	2
Herz	Mund	2
Herz	Moral	2
Herz	Mission	2
Herz	Minne	2
Herz	Millionär	2
Herz	Mattigkeit	2
Herz	Mangel	2
Herz	Lyrik	2
Herz	Lüge	2
Herz	Lösung	2
Herz	Linke	2
Herz	Lieb	2
Herz	Leuchte	2
Herz	Lauf	2
Herz	Laterne	2
Herz	Lampe	2
Herz	Lage	2
Herz	Krone	2
Herz	Krippe	2
Herz	Königinnen	2
Herz	Kompetenz	2
Herz	Klippe	2
Herz	Kissen	2
Herz	Kindlein	2
Herz	Kicker	2
Herz	Kette	2
Herz	Kätzchen	2
Herz	Jungs	2
Herz	Ideal	2
Herz	Hygiene	2
Herz	Hüter	2
Herz	Hülle	2
Herz	Hobby	2
Herz	Herrlichkeit	2
Herz	Herd	2
Herz	Heiland	2
Herz	Harmonie	2
Herz	Hälfte	2
Herz	Hafen	2
Herz	Grüner	2
Herz	Grube	2
Herz	Grab	2
Herz	Gott	2
Herz	Glocke	2
Herz	Glanz	2
Herz	Gewinner	2
Herz	Gewinn	2
Herz	Gesundheit	2
Herz	Gesetz	2
Herz	Geografie	2
Herz	Geld	2
Herz	Gefäß	2
Herz	Gefährte	2
Herz	Gebot	2
Herz	Gang	2
Herz	Fuß	2
Herz	Furor	2
Herz	Fundament	2
Herz	Frucht	2
Herz	Fräulein	2
Herz	Forscher	2
Herz	Flut	2
Herz	Fluss	2
Herz	Fest	2
Herz	Fensterlein	2
Herz	Feierlichkeit	2
Herz	Fehler	2
Herz	Fee	2
Herz	Farbe	2
Herz	Fakt	2
Herz	Fach	2
Herz	Europäer	2
Herz	Essenz	2
Herz	Erwärmer	2
Herz	Erwägung	2
Herz	Erquickung	2
Herz	Ernst	2
Herz	Ergründer	2
Herz	Eintrag	2
Herz	Einsprache	2
Herz	Einsamkeit	2
Herz	Einigkeit	2
Herz	Eingebung	2
Herz	Eingang	2
Herz	Einfall	2
Herz	Eindruck	2
Herz	Eifer	2
Herz	Ehe	2
Herz	Dummheit	2
Herz	Druck	2
Herz	Diamant	2
Herz	Christ	2
Herz	Chef	2
Herz	Chaos	2
Herz	Bübchen	2
Herz	Brunst	2
Herz	Brecherei	2
Herz	Braut	2
Herz	Bloggerei	2
Herz	Bitternis	2
Herz	Beugung	2
Herz	Besitz	2
Herz	Berg	2
Herz	Beklemmung	2
Herz	Begriff	2
Herz	Begleiter	2
Herz	Bedenken	2
Herz	Beben	2
Herz	Bärchen	2
Herz	Bande	2
Herz	Bahn	2
Herz	Ausschüttung	2
Herz	Aussage	2
Herz	Ausbruch	2
Herz	Ausbildung	2
Herz	Aufwand	2
Herz	Aufregung	2
Herz	Äther	2
Herz	Anweisung	2
Herz	Antrieb	2
Herz	Angebete	2
Herz	Abtötung	2
Herz	Ablösung	2
Vertraur	Verhältnis	1
Tu	Würdigkeit	1
Sponsor	Lauf	1
Sponsor	Ich	1
Schmerz	Zulage	1
Schmerz	Zufügung	1
Schmerz	Zeichen	1
Schmerz	Wohnung	1
Schmerz	Woche	1
Schmerz	Wiehern	1
Schmerz	Wiedergutmachung	1
Schmerz	Widerstand	1
Schmerz	Wein	1
Schmerz	Wasser	1
Schmerz	Wanderung	1
Schmerz	Wahn	1
Schmerz	Waffe	1
Schmerz	Vertonung	1
Schmerz	Verehrer	1
Schmerz	Vater	1
Schmerz	Ursache	1
Schmerz	Unterdrückung	1
Schmerz	Überdruss	1
Schmerz	Tropfen	1
Schmerz	Trägerin	1
Schmerz	Tour	1
Schmerz	Tor	1
Schmerz	Tochter	1
Schmerz	Tirade	1
Schmerz	Therapie	1
Schmerz	Thema	1
Schmerz	Theater	1
Schmerz	Technik	1
Schmerz	Taumel	1
Schmerz	Tablett	1
Schmerz	Szenarium	1
Schmerz	Symptom	1
Schmerz	Symbol	1
Schmerz	Stück	1
Schmerz	Strom	1
Schmerz	Sternchen	1
Schmerz	Stern	1
Schmerz	Status	1
Schmerz	Stamm	1
Schmerz	Splitter	1
Schmerz	Spiel	1
Schmerz	Spiegel	1
Schmerz	Spalt	1
Schmerz	Sonate	1
Schmerz	Signal	1
Schmerz	Seite	1
Schmerz	Sehnsucht	1
Schmerz	See	1
Schmerz	Schwert	1
Schmerz	Schwelle	1
Schmerz	Schuss	1
Schmerz	Schuld	1
Schmerz	Schub	1
Schmerz	Schrund	1
Schmerz	Schrift	1
Schmerz	Schrein	1
Schmerz	Schreiben	1
Schmerz	Schreibe	1
Schmerz	Schmerz	1
Schmerz	Schlag	1
Schmerz	Schlaf	1
Schmerz	Schatz	1
Schmerz	Schar	1
Schmerz	Schall	1
Schmerz	Sammlerin	1
Schmerz	Salbe	1
Schmerz	Runde	1
Schmerz	Ritual	1
Schmerz	Rente	1
Schmerz	Reichtum	1
Schmerz	Rausch	1
Schmerz	Raserei	1
Schmerz	Prüfung	1
Schmerz	Prosa	1
Schmerz	Problematik	1
Schmerz	Preis	1
Schmerz	Poetik	1
Schmerz	Platz	1
Schmerz	Phase	1
Schmerz	Pfuhl	1
Schmerz	Pfand	1
Schmerz	Pfad	1
Schmerz	Perle	1
Schmerz	Pause	1
Schmerz	Pantomime	1
Schmerz	Ozean	1
Schmerz	Orgie	1
Schmerz	Oper	1
Schmerz	Odem	1
Schmerz	Obolus	1
Schmerz	Not	1
Schmerz	Mysterium	1
Schmerz	Muttergottes	1
Schmerz	Moment	1
Schmerz	Mitte	1
Schmerz	Minute	1
Schmerz	Mine	1
Schmerz	Miene	1
Schmerz	Melodie	1
Schmerz	Maß	1
Schmerz	Maske	1
Schmerz	Maschine	1
Schmerz	Marke	1
Schmerz	Mantel	1
Schmerz	Manifest	1
Schmerz	Mahnung	1
Schmerz	Mädchen	1
Schmerz	Lyrik	1
Schmerz	Löserin	1
Schmerz	Literatur	1
Schmerz	Linderung	1
Schmerz	Liebe	1
Schmerz	Leiden	1
Schmerz	Leib	1
Schmerz	Lanze	1
Schmerz	Künstlerin	1
Schmerz	Kunde	1
Schmerz	Kugel	1
Schmerz	Krüppel	1
Schmerz	Krone	1
Schmerz	Kreis	1
Schmerz	Krebs	1
Schmerz	Kraft	1
Schmerz	Körper	1
Schmerz	Königin	1
Schmerz	König	1
Schmerz	Kleid	1
Schmerz	Kirche	1
Schmerz	Kette	1
Schmerz	Keller	1
Schmerz	Karawane	1
Schmerz	Joch	1
Schmerz	Jammer	1
Schmerz	Intervall	1
Schmerz	Instrument	1
Schmerz	Ikone	1
Schmerz	Hölle	1
Schmerz	Höhle	1
Schmerz	Herde	1
Schmerz	Herd	1
Schmerz	Heilung	1
Schmerz	Heilerin	1
Schmerz	Grunzer	1
Schmerz	Göttin	1
Schmerz	Gewissheit	1
Schmerz	Gewinn	1
Schmerz	Gewand	1
Schmerz	Gemeinschaft	1
Schmerz	Geldin	1
Schmerz	Gejodel	1
Schmerz	Gejammere	1
Schmerz	Gedanke	1
Schmerz	Geblök	1
Schmerz	Gebet	1
Schmerz	Garn	1
Schmerz	Gabe	1
Schmerz	Furor	1
Schmerz	Freiheit	1
Schmerz	Frage	1
Schmerz	Fracht	1
Schmerz	Flug	1
Schmerz	Feuerwerk	1
Schmerz	Faser	1
Schmerz	Fältchen	1
Schmerz	Falle	1
Schmerz	Fall	1
Schmerz	Fährte	1
Schmerz	Erotik	1
Schmerz	Erguss	1
Schmerz	Ereignis	1
Schmerz	Ekstase	1
Schmerz	Dunst	1
Schmerz	Dunkel	1
Schmerz	Dissonanz	1
Schmerz	Dickerchen	1
Schmerz	Dank	1
Schmerz	Dame	1
Schmerz	Brunnen	1
Schmerz	Bringer	1
Schmerz	Brecher	1
Schmerz	Brand	1
Schmerz	Botschaft	1
Schmerz	Blitz	1
Schmerz	Bericht	1
Schmerz	Bekenntnis	1
Schmerz	Bekämpfung	1
Schmerz	Bein	1
Schmerz	Bearbeitung	1
Schmerz	Bann	1
Schmerz	Bach	1
Schmerz	Ausstoß	1
Schmerz	Ausgleich	1
Schmerz	Art	1
Schmerz	Arbeit	1
Schmerz	Angst	1
Schmerz	Angesicht	1
Schmerz	Andacht	1
Schmerz	Anblick	1
Schmerz	Akzent	1
Schmerz	Ader	1
Schmerz	Abzocke	1
Schmerz	Abgrund	1
Schmerz	Abend	1
Schmerz	Aar	1
Reuß	Tube	1
Reuss	Tube	1
Herz	Zyklus	1
Herz	Zwilling	1
Herz	Zwerg	1
Herz	Zuversicht	1
Herz	Zustimmung	1
Herz	Zuspruch	1
Herz	Zugang	1
Herz	Zuflucht	1
Herz	Zuckung	1
Herz	Zittern	1
Herz	Zinne	1
Herz	Zimmer	1
Herz	Zier	1
Herz	Zeuge	1
Herz	Zeug	1
Herz	Zerstörer	1
Herz	Zerrißenheit	1
Herz	Zerbruch	1
Herz	Zaun	1
Herz	Zarin	1
Herz	Zähler	1
Herz	Wut	1
Herz	Wolf	1
Herz	Wirrwarr	1
Herz	Wirrung	1
Herz	Wirkung	1
Herz	Wippe	1
Herz	Wink	1
Herz	Windung	1
Herz	Widerspruch	1
Herz	Wettbewerb	1
Herz	Wertung	1
Herz	Werkchen	1
Herz	Wenderin	1
Herz	Wender	1
Herz	Weiter	1
Herz	Weihung	1
Herz	Weihe	1
Herz	Weichmacher	1
Herz	Weichheit	1
Herz	Weiblein	1
Herz	Wechsel	1
Herz	Website	1
Herz	Wärter	1
Herz	Wandler	1
Herz	Währung	1
Herz	Wahrhaftigkeit	1
Herz	Wahnsinn	1
Herz	Waffe	1
Herz	Wachtel	1
Herz	Wachstum	1
Herz	Wachheit	1
Herz	Vulkan	1
Herz	Vorsatz	1
Herz	Vorrat	1
Herz	Vorbereitung	1
Herz	Voraussetzung	1
Herz	Vollmacht	1
Herz	Volk	1
Herz	Vokabular	1
Herz	Virtuose	1
Herz	Verstocktheit	1
Herz	Versteher	1
Herz	Verständigkeit	1
Herz	Versprechen	1
Herz	Verschlackung	1
Herz	Vers	1
Herz	Verödung	1
Herz	Vermauerung	1
Herz	Verlust	1
Herz	Verletzung	1
Herz	Verdichtung	1
Herz	Verbund	1
Herz	Verblendung	1
Herz	Verankerung	1
Herz	User	1
Herz	Ungestüm	1
Herz	Umgang	1
Herz	Umänderung	1
Herz	Überwältigung	1
Herz	Übersetzung	1
Herz	Überschwänglichkeit	1
Herz	Überraschung	1
Herz	Übergabe	1
Herz	Überfluss	1
Herz	Übereinstimmung	1
Herz	Typ	1
Herz	Türlein	1
Herz	Tuer	1
Herz	Tube	1
Herz	Trümmer	1
Herz	Trubel	1
Herz	Trösterin	1
Herz	Triller	1
Herz	Treppe	1
Herz	Trennung	1
Herz	Tremolo	1
Herz	Treffer	1
Herz	Treffen	1
Herz	Trank	1
Herz	Training	1
Herz	Tragödie	1
Herz	Töter	1
Herz	Tipp	1
Herz	Tierchen	1
Herz	Tiefigkeit	1
Herz	Therapie	1
Herz	Theorie	1
Herz	Theater	1
Herz	Testament	1
Herz	Test	1
Herz	Teiler	1
Herz	Teil	1
Herz	Tapferkeit	1
Herz	Tanzer	1
Herz	Taler	1
Herz	Talent	1
Herz	Tagebuch	1
Herz	Tabernakel	1
Herz	Symbolik	1
Herz	Sucht	1
Herz	Sucher	1
Herz	Stufe	1
Herz	Studium	1
Herz	Stückchen	1
Herz	Stüblein	1
Herz	Stübchen	1
Herz	Strömung	1
Herz	Streichler	1
Herz	Strategie	1
Herz	Stoff	1
Herz	Stiftung	1
Herz	Steuerung	1
Herz	Steuer	1
Herz	Stätte	1
Herz	Starrheit	1
Herz	Starre	1
Herz	Stärker	1
Herz	Standard	1
Herz	Spürung	1
Herz	Spross	1
Herz	Sprechstunde	1
Herz	Spitzbübin	1
Herz	Spiritualität	1
Herz	Spion	1
Herz	Spiegelung	1
Herz	Sphäre	1
Herz	Spezialist	1
Herz	Spektrum	1
Herz	Speis	1
Herz	Speicher	1
Herz	Spaziergang	1
Herz	Spanierin	1
Herz	Spalier	1
Herz	Späher	1
Herz	Sozialistin	1
Herz	Sozialismus	1
Herz	Sommer	1
Herz	Solidarität	1
Herz	Söhnchen	1
Herz	Sitz	1
Herz	Situation	1
Herz	Sinfonie	1
Herz	Simplizität	1
Herz	Siegel	1
Herz	Seufzerlein	1
Herz	Serie	1
Herz	Sender	1
Herz	Selbstbewusstsein	1
Herz	Sektor	1
Herz	Seismograph	1
Herz	Segment	1
Herz	Schwung	1
Herz	Schwerpunkt	1
Herz	Schweißerin	1
Herz	Schwarm	1
Herz	Schuld	1
Herz	Schrott	1
Herz	Schreiberin	1
Herz	Schreck	1
Herz	Schoß	1
Herz	Schönheit	1
Herz	Scholle	1
Herz	Schnulze	1
Herz	Schmöker	1
Herz	Schmetterling	1
Herz	Schmelzer	1
Herz	Schlumpf	1
Herz	Schlinge	1
Herz	Schlamperei	1
Herz	Schimmer	1
Herz	Schimmel	1
Herz	Schifflein	1
Herz	Schiene	1
Herz	Schicksal	1
Herz	Schema	1
Herz	Schein	1
Herz	Scheibe	1
Herz	Schätzchen	1
Herz	Schatten	1
Herz	Schäfchen	1
Herz	Schaden	1
Herz	Schacht	1
Herz	Satz	1
Herz	Sammeln	1
Herz	Sage	1
Herz	Saft	1
Herz	Säckchen	1
Herz	Rückverbindung	1
Herz	Royalist	1
Herz	Routine	1
Herz	Rot	1
Herz	Romantik	1
Herz	Rolle	1
Herz	Ritual	1
Herz	Richterei	1
Herz	Rhythmus	1
Herz	Restaurant	1
Herz	Reihe	1
Herz	Reichtum	1
Herz	Regel	1
Herz	Reck	1
Herz	Realismus	1
Herz	Reaktion	1
Herz	Ratte	1
Herz	Rasse	1
Herz	Raison	1
Herz	Qualm	1
Herz	Püppchen	1
Herz	Punker	1
Herz	Puls	1
Herz	Prozess	1
Herz	Produkt	1
Herz	Probe	1
Herz	Praxis	1
Herz	Potenzial	1
Herz	Poetin	1
Herz	Plane	1
Herz	Plackerei	1
Herz	Pilot	1
Herz	Photograph	1
Herz	Phantasie	1
Herz	Phänomen	1
Herz	Pfuhl	1
Herz	Pfosten	1
Herz	Pfleger	1
Herz	Pfahl	1
Herz	Perspektive	1
Herz	Persönlichkeit	1
Herz	Personal	1
Herz	Patriot	1
Herz	Partnerschaft	1
Herz	Part	1
Herz	Papa	1
Herz	Panzer	1
Herz	Panda	1
Herz	Päckchen	1
Herz	Organismus	1
Herz	Ordnung	1
Herz	Orchester	1
Herz	Opa	1
Herz	Onkel	1
Herz	Omi	1
Herz	Öl	1
Herz	Okkupation	1
Herz	Öffnerin	1
Herz	Oeffnung	1
Herz	Öde	1
Herz	Objekt	1
Herz	Oase	1
Herz	Niveau	1
Herz	Nerv	1
Herz	Närrchen	1
Herz	Narrchen	1
Herz	Nager	1
Herz	Nachricht	1
Herz	Nachfolge	1
Herz	Musiker	1
Herz	Mummeln	1
Herz	Müdigkeit	1
Herz	Mildtätigkeit	1
Herz	Metier	1
Herz	Meldung	1
Herz	Meisterin	1
Herz	Medaille	1
Herz	Materie	1
Herz	Maßstab	1
Herz	Marokkaner	1
Herz	Marke	1
Herz	Manager	1
Herz	Mahnung	1
Herz	Lutheraner	1
Herz	Lüstling	1
Herz	Löwe	1
Herz	Lotus	1
Herz	Lot	1
Herz	Lokalität	1
Herz	Lohn	1
Herz	Literatur	1
Herz	List	1
Herz	Leutnant	1
Herz	Leute	1
Herz	Leser	1
Herz	Lenkerin	1
Herz	Leistung	1
Herz	Lehnchen	1
Herz	Leerheit	1
Herz	Läuferin	1
Herz	Länge	1
Herz	Lama	1
Herz	Lady	1
Herz	Labsal	1
Herz	Kur	1
Herz	Künstler	1
Herz	Kunst	1
Herz	Kultivierung	1
Herz	Kult	1
Herz	Kruste	1
Herz	Kripplein	1
Herz	Krieg	1
Herz	Kreuzbergerin	1
Herz	Kreislauf	1
Herz	Krebs	1
Herz	Kreativität	1
Herz	Kraut	1
Herz	Krätze	1
Herz	Krater	1
Herz	Krämer	1
Herz	Köter	1
Herz	Kontinent	1
Herz	Königtum	1
Herz	Komödie	1
Herz	Komik	1
Herz	Kombination	1
Herz	Koffer	1
Herz	Koalition	1
Herz	Knoten	1
Herz	Knicker	1
Herz	Knabe	1
Herz	Klima	1
Herz	Kleinod	1
Herz	Klauerin	1
Herz	Klasse	1
Herz	Klarheit	1
Herz	Klammer	1
Herz	Kitsch	1
Herz	Kirsche	1
Herz	Kindergarten	1
Herz	Kilometer	1
Herz	Kerlchen	1
Herz	Kennerin	1
Herz	Keim	1
Herz	Kavalier	1
Herz	Kätzlein	1
Herz	Karawane	1
Herz	Kanzler	1
Herz	Kaninchen	1
Herz	Kandidatin	1
Herz	Kämpferin	1
Herz	Kalender	1
Herz	Kaiserin	1
Herz	Kaeuf	1
Herz	Juwel	1
Herz	Jüngling	1
Herz	Jugend	1
Herz	Jude	1
Herz	Irrung	1
Herz	Irrtum	1
Herz	Interessent	1
Herz	Intensität	1
Herz	Instrument	1
Herz	Instinkt	1
Herz	Instanz	1
Herz	Inspiration	1
Herz	Infarkt	1
Herz	Inbrunst	1
Herz	Hymne	1
Herz	Hut	1
Herz	Hündchen	1
Herz	Huhn	1
Herz	Hörer	1
Herz	Hölle	1
Herz	Hitze	1
Herz	Hinwendung	1
Herz	Hinterlassenschaft	1
Herz	Hinterhalt	1
Herz	Himmel	1
Herz	Hieb	1
Herz	Herrscher	1
Herz	Herrschaft	1
Herz	Herrin	1
Herz	Herbst	1
Herz	Helligkeit	1
Herz	Helle	1
Herz	Helfer	1
Herz	Held	1
Herz	Heirat	1
Herz	Heilung	1
Herz	Heilige	1
Herz	Häuslein	1
Herz	Hauptstadt	1
Herz	Harm	1
Herz	Hang	1
Herz	Handeln	1
Herz	Hammer	1
Herz	Halt	1
Herz	Hain	1
Herz	Gutsein	1
Herz	Gülle	1
Herz	Gruppe	1
Herz	Gründung	1
Herz	Grundlage	1
Herz	Grenze	1
Herz	Glückwunsch	1
Herz	Glosse	1
Herz	Glimmer	1
Herz	Glätte	1
Herz	Glas	1
Herz	Glamour	1
Herz	Gigant	1
Herz	Gewerkschaft	1
Herz	Gewalt	1
Herz	Getümmel	1
Herz	Getreibe	1
Herz	Gespür	1
Herz	Gespielin	1
Herz	Gesetzlichkeit	1
Herz	Gesaeng	1
Herz	Gepäck	1
Herz	Genre	1
Herz	Genosse	1
Herz	Gemeinde	1
Herz	Gemahl	1
Herz	Gemach	1
Herz	Gelegenheit	1
Herz	Gekicher	1
Herz	Geiz	1
Herz	Gefieder	1
Herz	Gefährtin	1
Herz	Gefahr	1
Herz	Geduld	1
Herz	Geburt	1
Herz	Gebung	1
Herz	Gebieterin	1
Herz	Geber	1
Herz	Gästin	1
Herz	Ganzheit	1
Herz	Galle	1
Herz	Führer	1
Herz	Frost	1
Herz	Frohsinn	1
Herz	Frohheit	1
Herz	Froemmigkeit	1
Herz	Fritze	1
Herz	Friedhof	1
Herz	Freundchen	1
Herz	Fresser	1
Herz	Format	1
Herz	Forderung	1
Herz	Flüstererin	1
Herz	Flügel	1
Herz	Flug	1
Herz	Fluch	1
Herz	Flocke	1
Herz	Flirt	1
Herz	Flicker	1
Herz	Fisch	1
Herz	Figur	1
Herz	Fiber	1
Herz	Fetzen	1
Herz	Festival	1
Herz	Fessel	1
Herz	Feministin	1
Herz	Fels	1
Herz	Feindin	1
Herz	Feind	1
Herz	Feigheit	1
Herz	Favoritin	1
Herz	Fänger	1
Herz	Falle	1
Herz	Fahne	1
Herz	Fabel	1
Herz	Expertin	1
Herz	Ewigkeit	1
Herz	Event	1
Herz	Europäerin	1
Herz	Eskapade	1
Herz	Erweiterung	1
Herz	Erstarrung	1
Herz	Erschütterung	1
Herz	Erschütterer	1
Herz	Erregung	1
Herz	Eroberer	1
Herz	Erleuchtung	1
Herz	Erkaltung	1
Herz	Ergründung	1
Herz	Ergötzung	1
Herz	Ergebung	1
Herz	Ergebenheit	1
Herz	Erfreuer	1
Herz	Erfolg	1
Herz	Ereignis	1
Herz	Erde	1
Herz	Entfernung	1
Herz	Entfaltung	1
Herz	Entblößung	1
Herz	Eltern	1
Herz	Elite	1
Herz	Ekstase	1
Herz	Eis	1
Herz	Eintracht	1
Herz	Eingabe	1
Herz	Einfachheit	1
Herz	Einblick	1
Herz	Dynamik	1
Herz	Duselei	1
Herz	Dürre	1
Herz	Durchdringung	1
Herz	Durchbohrung	1
Herz	Duett	1
Herz	Drache	1
Herz	Doktor	1
Herz	Disposition	1
Herz	Dirndl	1
Herz	Dilemma	1
Herz	Diener	1
Herz	Deserteur	1
Herz	Delle	1
Herz	Datenbank	1
Herz	Date	1
Herz	Darling	1
Herz	Dämon	1
Herz	Dach	1
Herz	Clownchen	1
Herz	Clown	1
Herz	Christentum	1
Herz	Check	1
Herz	Charakter	1
Herz	Bürde	1
Herz	Bulle	1
Herz	Bühne	1
Herz	Büchse	1
Herz	Buchhandlung	1
Herz	Brust	1
Herz	Bruderschaft	1
Herz	Browser	1
Herz	Brot	1
Herz	Brei	1
Herz	Boy	1
Herz	Boudoir	1
Herz	Bosheit	1
Herz	Bösewicht	1
Herz	Bock	1
Herz	Board	1
Herz	Blondchen	1
Herz	Blockade	1
Herz	Blatt	1
Herz	Bläschen	1
Herz	Bildnerin	1
Herz	Bewohner	1
Herz	Beweis	1
Herz	Beweger	1
Herz	Beute	1
Herz	Betrübnis	1
Herz	Betrüber	1
Herz	Bestimmung	1
Herz	Bestellung	1
Herz	Bestätigung	1
Herz	Bestandteil	1
Herz	Beschäftigung	1
Herz	Beruhigung	1
Herz	Beruhigerin	1
Herz	Bereitung	1
Herz	Beratung	1
Herz	Berater	1
Herz	Beispiel	1
Herz	Behinderung	1
Herz	Begleitung	1
Herz	Begierde	1
Herz	Begeisterung	1
Herz	Begabung	1
Herz	Befehl	1
Herz	Beduerfnis	1
Herz	Bedingung	1
Herz	Beängstigung	1
Herz	Bayer	1
Herz	Bann	1
Herz	Bank	1
Herz	Balsam	1
Herz	Ballerina	1
Herz	Ballast	1
Herz	Baerchen	1
Herz	Baby	1
Herz	Autor	1
Herz	Auto	1
Herz	Ausweitung	1
Herz	Aussprache	1
Herz	Äußerung	1
Herz	Ausgang	1
Herz	Ausdehnung	1
Herz	Aus	1
Herz	Atmosphäre	1
Herz	Arzt	1
Herz	Archiv	1
Herz	Arche	1
Herz	Applaus	1
Herz	Appell	1
Herz	Apparat	1
Herz	Anzeige	1
Herz	Anzahl	1
Herz	Anwärter	1
Herz	Anwandlung	1
Herz	Antenne	1
Herz	Anteilnahme	1
Herz	Anstoß	1
Herz	Anstand	1
Herz	Ansicht	1
Herz	Anschluss	1
Herz	Anruf	1
Herz	Annahme	1
Herz	Angelegenkeit	1
Herz	Angelege	1
Herz	Angebot	1
Herz	Andenken	1
Herz	Anbindung	1
Herz	Anbetung	1
Herz	Alchimist	1
Herz	Aktivierung	1
Herz	Akt	1
Herz	Ähnlichkeit	1
Herz	Affaire	1
Herz	Ader	1
Herz	Abwägung	1
Herz	Abteilung	1
Herz	Abenteurer	1
